/*
SQLyog Ultimate v11.24 (32 bit)
MySQL - 5.6.29 : Database - test
*********************************************************************
*/

/*!40101 SET NAMES utf8 */;

/*!40101 SET SQL_MODE=''*/;

/*!40014 SET @OLD_UNIQUE_CHECKS=@@UNIQUE_CHECKS, UNIQUE_CHECKS=0 */;
/*!40014 SET @OLD_FOREIGN_KEY_CHECKS=@@FOREIGN_KEY_CHECKS, FOREIGN_KEY_CHECKS=0 */;
/*!40101 SET @OLD_SQL_MODE=@@SQL_MODE, SQL_MODE='NO_AUTO_VALUE_ON_ZERO' */;
/*!40111 SET @OLD_SQL_NOTES=@@SQL_NOTES, SQL_NOTES=0 */;
CREATE DATABASE /*!32312 IF NOT EXISTS*/`test` /*!40100 DEFAULT CHARACTER SET utf8 COLLATE utf8_bin */;

USE `test`;

/*Table structure for table `adver` */

DROP TABLE IF EXISTS `adver`;

CREATE TABLE `adver` (
  `ID` int(11) NOT NULL AUTO_INCREMENT,
  `NAME` varchar(255) NOT NULL,
  `IMG` varchar(255) NOT NULL,
  `URL` varchar(255) DEFAULT NULL,
  `SORT` int(11) DEFAULT NULL,
  PRIMARY KEY (`ID`)
) ENGINE=InnoDB DEFAULT CHARSET=utf8;

/*Data for the table `adver` */

/*Table structure for table `area` */

DROP TABLE IF EXISTS `area`;

CREATE TABLE `area` (
  `id` int(11) NOT NULL AUTO_INCREMENT,
  `name` varchar(200) COLLATE utf8_bin DEFAULT NULL,
  `city_id` int(11) DEFAULT NULL,
  `create_time` timestamp NULL DEFAULT CURRENT_TIMESTAMP,
  KEY `id` (`id`)
) ENGINE=InnoDB AUTO_INCREMENT=114 DEFAULT CHARSET=utf8 COLLATE=utf8_bin;

/*Data for the table `area` */

insert  into `area`(`id`,`name`,`city_id`,`create_time`) values (52,'东城区',1,'2015-02-18 00:00:00'),(53,'西城区',1,'2015-02-18 00:00:00'),(54,'朝阳区',1,'2015-02-18 00:00:00'),(55,'丰台区',1,'2015-02-18 00:00:00'),(56,'石景山区',1,'2015-02-18 00:00:00'),(57,'海淀区',1,'2015-02-18 00:00:00'),(58,'门头沟区',1,'2015-02-18 00:00:00'),(59,'房山区',1,'2015-02-18 00:00:00'),(60,'通州区',1,'2015-02-18 00:00:00'),(61,'顺义区',1,'2015-02-18 00:00:00'),(62,'昌平区',1,'2015-02-18 00:00:00'),(63,'大兴区',1,'2015-02-18 00:00:00'),(64,'怀柔区',1,'2015-02-18 00:00:00'),(65,'平谷区',1,'2015-02-18 00:00:00'),(66,'密云县',1,'2015-02-18 00:00:00'),(67,'延庆县',1,'2015-02-18 00:00:00'),(68,'黄浦区',2,'2015-02-18 00:00:00'),(69,'徐汇区',2,'2015-02-18 00:00:00'),(70,'长宁区',2,'2015-02-18 00:00:00'),(71,'静安区',2,'2015-02-18 00:00:00'),(72,'普陀区',2,'2015-02-18 00:00:00'),(73,'闸北区',2,'2015-02-18 00:00:00'),(74,'虹口区',2,'2015-02-18 00:00:00'),(75,'杨浦区',2,'2015-02-18 00:00:00'),(76,'闵行区',2,'2015-02-18 00:00:00'),(77,'宝山区',2,'2015-02-18 00:00:00'),(78,'嘉定区',2,'2015-02-18 00:00:00'),(79,'浦东新区',2,'2015-02-18 00:00:00'),(80,'金山区',2,'2015-02-18 00:00:00'),(81,'松江区',2,'2015-02-18 00:00:00'),(82,'青浦区',2,'2015-02-18 00:00:00'),(83,'奉贤区',2,'2015-02-18 00:00:00'),(84,'崇明县',2,'2015-02-18 00:00:00'),(85,'荔湾区',3,'2015-02-18 00:00:00'),(86,'越秀区',3,'2015-02-18 00:00:00'),(87,'海珠区',3,'2015-02-18 00:00:00'),(88,'天河区',3,'2015-02-18 00:00:00'),(89,'白云区',3,'2015-02-18 00:00:00'),(90,'黄埔区',3,'2015-02-18 00:00:00'),(91,'番禺区',3,'2015-02-18 00:00:00'),(92,'花都区',3,'2015-02-18 00:00:00'),(93,'南沙区1',3,'2015-02-18 00:00:00'),(94,'萝岗区',3,'2015-02-18 00:00:00'),(95,'增城市',3,'2015-02-18 00:00:00'),(97,'罗湖区',4,'2015-02-18 00:00:00'),(98,'福田区',4,'2015-02-18 00:00:00'),(101,'龙岗区',4,'2015-02-18 00:00:00'),(103,'aaa',2,'2016-02-29 11:50:49'),(104,'b\'b\'b',2,'2016-02-29 11:51:31'),(105,'的',2,'2016-04-25 14:57:29'),(106,'',2,'2016-04-26 11:35:27'),(107,'',2,'2016-04-26 11:37:54'),(108,'123',3,'2016-04-27 10:40:07'),(109,'宝山区',3,'2016-05-10 22:18:33'),(110,'徐汇区',15,'2016-05-11 20:27:08'),(111,'3',2,'2016-05-12 14:33:40'),(112,'',2,'2016-05-12 14:40:08'),(113,'',2,'2016-05-12 14:54:19');

/*Table structure for table `area_info` */

DROP TABLE IF EXISTS `area_info`;

CREATE TABLE `area_info` (
  `ID` int(9) NOT NULL AUTO_INCREMENT,
  `AREA_CODE` varchar(12) DEFAULT NULL,
  `AREA_NAME` varchar(50) DEFAULT NULL,
  `PID` int(9) DEFAULT NULL,
  `SORT` int(3) DEFAULT NULL,
  PRIMARY KEY (`ID`)
) ENGINE=InnoDB AUTO_INCREMENT=2 DEFAULT CHARSET=utf8;

/*Data for the table `area_info` */

insert  into `area_info`(`ID`,`AREA_CODE`,`AREA_NAME`,`PID`,`SORT`) values (1,'100000','中国',NULL,1);

/*Table structure for table `city` */

DROP TABLE IF EXISTS `city`;

CREATE TABLE `city` (
  `id` int(11) NOT NULL AUTO_INCREMENT,
  `name` varchar(200) COLLATE utf8_bin DEFAULT NULL,
  `desc` varchar(200) COLLATE utf8_bin DEFAULT NULL,
  `status` char(1) COLLATE utf8_bin DEFAULT '0' COMMENT '0 启用 1 禁用',
  PRIMARY KEY (`id`)
) ENGINE=InnoDB AUTO_INCREMENT=17 DEFAULT CHARSET=utf8 COLLATE=utf8_bin;

/*Data for the table `city` */

insert  into `city`(`id`,`name`,`desc`,`status`) values (1,'北京','中国首都','1'),(2,'上海','中国第一大城市','0'),(3,'深圳','软件行业很好','0'),(4,'广州','有美食节','0'),(5,'杭州12311','美丽西湖','0'),(6,'天津','','1'),(7,'广西','','1'),(8,'广东','','1'),(9,'日本1','','1'),(10,'','123','1'),(11,'湖南','南岳衡山','0'),(12,'123','123','0'),(13,'123','123','0'),(14,'北京','帝都','0'),(15,'上海','魔都','0'),(16,'asd','asd','0');

/*Table structure for table `dict` */

DROP TABLE IF EXISTS `dict`;

CREATE TABLE `dict` (
  `ID` int(11) NOT NULL AUTO_INCREMENT,
  `LABEL` varchar(255) DEFAULT NULL,
  `VALUE` varchar(255) DEFAULT NULL,
  `TYPE` varchar(255) DEFAULT NULL,
  `DESCRIPTION` varchar(255) DEFAULT NULL,
  `SORT` int(11) DEFAULT NULL,
  `REMARK` varchar(255) DEFAULT NULL,
  `DEL_FLAG` varchar(255) DEFAULT NULL,
  PRIMARY KEY (`ID`)
) ENGINE=InnoDB AUTO_INCREMENT=6 DEFAULT CHARSET=utf8;

/*Data for the table `dict` */

insert  into `dict`(`ID`,`LABEL`,`VALUE`,`TYPE`,`DESCRIPTION`,`SORT`,`REMARK`,`DEL_FLAG`) values (1,'正常','0','user','用户状态',1,NULL,NULL),(2,'禁用','1','user','用户状态',2,NULL,NULL),(4,'普通用户','0','user','用户类型',NULL,NULL,NULL),(5,'会员用户','1','user','用户类型',NULL,NULL,NULL);

/*Table structure for table `goods` */

DROP TABLE IF EXISTS `goods`;

CREATE TABLE `goods` (
  `ID` int(11) NOT NULL AUTO_INCREMENT,
  `NAME` varchar(255) NOT NULL,
  `COVER` varchar(255) NOT NULL,
  `IMG` varchar(255) NOT NULL,
  `TYPE_ID` int(11) NOT NULL,
  `PRICE` double NOT NULL COMMENT '标价',
  `MARKET_PRICE` double DEFAULT NULL COMMENT '市场价',
  `INTRODUCE` varchar(255) DEFAULT NULL COMMENT '介绍',
  `BRIEF` varchar(255) DEFAULT NULL COMMENT '摘要',
  `IS_SOLD` char(255) DEFAULT NULL COMMENT '是否上架',
  `SALES` int(11) DEFAULT NULL COMMENT '销量',
  `POSTAGE` double DEFAULT NULL COMMENT '邮费',
  `PV` int(11) DEFAULT NULL,
  PRIMARY KEY (`ID`),
  KEY `FK_GOODS_TYPE_ID` (`TYPE_ID`),
  CONSTRAINT `FK_GOODS_TYPE_ID` FOREIGN KEY (`TYPE_ID`) REFERENCES `goods_type` (`ID`)
) ENGINE=InnoDB AUTO_INCREMENT=2 DEFAULT CHARSET=utf8;

/*Data for the table `goods` */

insert  into `goods`(`ID`,`NAME`,`COVER`,`IMG`,`TYPE_ID`,`PRICE`,`MARKET_PRICE`,`INTRODUCE`,`BRIEF`,`IS_SOLD`,`SALES`,`POSTAGE`,`PV`) values (1,'aaa','aaa','aaa',1,11,11,'11','1','1',1,1,11);

/*Table structure for table `goods_type` */

DROP TABLE IF EXISTS `goods_type`;

CREATE TABLE `goods_type` (
  `ID` int(11) NOT NULL AUTO_INCREMENT,
  `PID` int(11) DEFAULT NULL,
  `NAME` varchar(255) DEFAULT NULL,
  `IMG` varchar(255) DEFAULT NULL,
  PRIMARY KEY (`ID`)
) ENGINE=InnoDB AUTO_INCREMENT=12 DEFAULT CHARSET=utf8;

/*Data for the table `goods_type` */

insert  into `goods_type`(`ID`,`PID`,`NAME`,`IMG`) values (1,NULL,'男装·女装',NULL),(2,NULL,'鞋靴·箱包',NULL),(3,NULL,'手机·数码',NULL),(4,NULL,'家电·办公',NULL),(5,1,'男上衣','aaa'),(6,1,'男裤',NULL),(7,1,'男内衣',NULL),(8,1,'女裤',NULL),(9,3,'笔记本',NULL),(10,3,'台式机',NULL),(11,4,'电视',NULL);

/*Table structure for table `hotel` */

DROP TABLE IF EXISTS `hotel`;

CREATE TABLE `hotel` (
  `id` int(11) NOT NULL AUTO_INCREMENT,
  `hotel_name` varchar(200) COLLATE utf8_bin DEFAULT NULL COMMENT '酒店名称',
  `tel` varchar(200) COLLATE utf8_bin DEFAULT NULL COMMENT '酒店电话',
  `address` varchar(200) COLLATE utf8_bin DEFAULT NULL COMMENT '地址',
  `city_id` int(11) DEFAULT NULL COMMENT '城市id',
  `img` varchar(200) COLLATE utf8_bin DEFAULT NULL COMMENT '图片',
  `state` char(1) COLLATE utf8_bin DEFAULT NULL,
  `star` char(10) COLLATE utf8_bin DEFAULT NULL,
  `about` varchar(3000) COLLATE utf8_bin DEFAULT NULL,
  `log` varchar(50) COLLATE utf8_bin DEFAULT NULL,
  `lat` varchar(50) COLLATE utf8_bin DEFAULT NULL,
  `des` varchar(3000) COLLATE utf8_bin DEFAULT NULL,
  PRIMARY KEY (`id`)
) ENGINE=InnoDB AUTO_INCREMENT=85 DEFAULT CHARSET=utf8 COLLATE=utf8_bin;

/*Data for the table `hotel` */

insert  into `hotel`(`id`,`hotel_name`,`tel`,`address`,`city_id`,`img`,`state`,`star`,`about`,`log`,`lat`,`des`) values (61,'北京雅诗阁来福士中心服务公寓',' 010-84053888','北京市东城区东直门南大街1-2号',1,'Z7-ECTZiakDVO4CjZ',NULL,'','位于北京最具活力的地区 -- 东城区东直门，毗邻市内大量商业、娱乐、购物及餐饮场所。网友评价说“设施不错”。','39.945577','116.439163','　　在北京雅诗阁来福士中心服务公寓，您可以尽情享受豪华而优雅的生活，能时刻感受这里交通的便利。服务公寓位于北京最具活力的地区 -- 东城区东直门，毗邻市内大量商业、娱乐、购物及餐饮场所。<br />　　服务公寓周围环绕着许多文化旅游胜地：著名的簋街（饮食街）近在咫尺。前往被列为联合国教科文组织世界遗产的故宫博物院也仅仅只需要15分钟时间。<br />　　东直门交通枢纽就在服务公寓的对角处，这个交通枢纽是地铁二号线与十三号线的转换站，为您提供贯穿整座城市的便利交通网络。您也能在此交通枢纽搭乘机场快线轨道直接前往北京首都国际机场，路程仅需16分钟。<br />　　服务公寓内也备有不少设施，您可选择在设备完善的健身房内锻炼身体、在恒温游泳池和水力按摩浴池中放松身心，甚至可以在活动室里举办一场鸡尾酒会。高端新颖的生活便利设施、广泛的商务和娱乐器材配备，以及个性化服务时刻为您提供各种生活上的支持。无论您在公寓的任何地方，您都可以通过无线网络连接，自在地上网与全世界相连。<br />　　居住在北京雅诗阁来福士中心服务公寓，您可以随心所欲地按照自己的方式，一边尽情享受生活与工作，一边发现北京的精彩与魅力。<br />'),(62,'北京辽宁大厦',' 010-62589999','北京市海淀区北四环西路甲2号',1,'JhS1_tJn7F0VShEwJ',NULL,'0','位于北四环保福寺桥东南角，距中外闻名的08奥运场馆“鸟巢”仅5分钟车程。网友评价说“位置也不好，房间不错，性价比高，服务也不错”。','39.99054','116.3439','　　北京辽宁大厦位于北京市北四环黄金地段，距有“中国硅谷”之称的中关村信步可至。毗邻著名学府北大清华，距中外闻名的08奥运场馆“鸟巢”仅5分钟车程。地理位置得天独厚，交通十分便捷。<br />'),(63,'北京天安门皇家驿栈酒店',' 010-67017790','北京市东城区前门商业街鲜鱼口巷87号',1,'NNNN2dHz54Uex23NN',NULL,'','','39.902611','116.405889','　　北京前门皇家驿栈酒店位于前门大街鲜鱼口，紧邻北京城中心轴线，原址为老北京老字号著名浴池—兴华池，距离天安门广场咫尺之遥，步行即可前往故宫博物院、王府井步行街、国家大剧院，临近前门交通枢纽，让您的出行更加方便快捷。<br />'),(64,'北京长安街W酒店',' 010-65158855','北京建国门南大街2号',1,'Z7-ECTZxNuCXxWQdZ',NULL,'','位于北京建国门南大街2号。','39.911809','116.443253','　　北京长安街W酒店距离色彩神秘的故宫、充满活力的秀水街市场和举世闻名的天安门广场仅数步之遥，为繁华的市中心使馆区注入了一丝生机和活力，在这里，高端时尚的风格、令人震撼的历史与动感欢快的夜生活热烈齐聚一堂！<br />'),(65,'北京王府半岛酒店',' 010-85162888','北京市东城区王府井金鱼胡同8号',1,'18TRe013M2dmGKeg1',NULL,'5','位于北京市东城区王府井金鱼胡同8号，与故宫、天安门广场及王府井大街仅举步之遥。','39.921608','116.422864','　　北京王府半岛酒店是由半岛酒店集团管理的涉外酒店，位于北京市繁华的王府井商业区，拥有著名的半岛水疗中心、设施齐备的健身中心、荟萃世界知名品牌的半岛精品廊、粤式餐厅凰庭以及融合亚洲风味的西餐厅。酒店525间客房设计现代时尚、装饰华丽。酒店内每一间客房和套间都配备了宽带和无线上网设施以及可控制房内所有电子设施的控制面板。豪华的劳斯莱斯及宝马车队为客人提供机场接送及车辆租用服务。王府半岛酒店以其典雅大气的传统中国建筑风格，成为其所在地的代表建筑。<br />'),(66,'北京临空皇冠假日酒店',' 010-58108888','北京市顺义区天竺府前一街60号',1,'GIGWX47ObDbfJTMv7',NULL,'','官网直销热线:400-830-3766，位于北京市顺义区天竺府前一街60号，距离首都国际机场仅约15分钟车程。','40.069897552331','116.56296876108','　　北京临空皇冠假日酒店地处天竺空港经济开发区，与新国际展览中心咫尺之遥，距离首都国际机场仅约15分钟车程。且酒店毗邻北京最大的高档别墅住宅区，周边配有各种国际风味餐厅。从酒店驱车至望京商务区只需约20分钟，由机场高速驱车约25分钟即可抵达CBD。<br />'),(67,'北京王府井希尔顿酒店',' 010-58128888','北京市东城区王府井东大街8号',1,'Z7SfeZ9Htw4mRTEmZ',NULL,'','地处繁华的王府井商业区，与古皇城——故宫为邻，地铁5号线灯市口站近在咫尺，步行即可到新东安市场。网友评价说“价格很合理，泳池水温很舒服，时尚的”。','39.920743654951','116.41936120721','　　北京王府井希尔顿位于北京最为著名的繁华商业区王府井大街，无论前往高档餐饮，购物，娱乐设施，还是美术馆，公园及旅游观光地等均十分便利。感受中华传统文化与大都市交相辉映的迷人魅力，尽在在北京王府井希尔顿。坐落于北京市中心及旅游胜地，王府井希尔顿地处豪华购物天堂澳门中心，距离天安门和紫禁城仅举步之遥。北京王府井希尔顿旨在为您提供现代化的舒适感受。<br />'),(68,'北京瑰丽酒店',' 010-65978888','北京市朝阳区呼家楼京广中心',1,'Z7-ECTZ6QlcM4LXaZ',NULL,'','位于北京市朝阳区呼家楼一号。','39.92656','116.467213','　　北京瑰丽酒店坐落在北京最繁华的朝阳区。酒店地理位置优越，位于著名的中央商务区（中央电视台大楼对面），紧邻三环路。商务写字楼、豪华购物中心和世界级的娱乐场所近在咫尺。四通八达的地铁线就位于酒店的正下方，距故宫、天安门广场、天坛公园和三里屯等著名景点。<br />'),(69,'北京柏悦酒店',' 010-85671234','北京市朝阳区建国门外大街2号',1,'oEPFzoo4mtGelJPqo',NULL,'0','位于北京中央商务区中心位置，毗邻中国国际贸易中心及外交使馆区。','39.913026','116.465822','　　位于北京CBD中央商务区核心地带的北京柏悦豪华酒店，座落在朝阳区长安街最高大厦北京银泰中心中央主楼，与中国国际贸易中心及中央电视台遥相对望。靠近使馆区、故宫，天安门广场，王府井，秀水街与华贸中心。距离八达岭长城约1.5小时车程。<br />'),(70,'北京长城脚下的公社',' 010-81181888','北京市延庆县水关长城',1,'Z7-ECTZ4vzYy6IAjZ',NULL,'0','由12名亚洲杰出建筑师设计建造的私人收藏的当代建筑艺术作品。网友评价说“环境很好，价格也可观，服务还是不错的”。','40.346561','116.061762','　　位于水关长城脚下，总占地面积8平方公里。由12名亚洲杰出建筑师设计建造的私人收藏的当代建筑艺术作品，是中国第一个被威尼斯双年展邀请参展并荣获“建筑艺术推动大奖”的建筑作品。2005年被美国《商业周刊》评为“中国10大新建筑奇迹”之一。酒店亮点：日本设计师坂茂的家具屋：基于环保理念的“纸屋子”。地基建好后，别墅的建造就算完工，用来承重的是用篦竹为原料的壁橱，取代了墙与柱，而且可以自由组合、重塑空间。<br />　　香港设计师张智强的手提箱：让人联想到魔方，外观酷似空无一物的空壳，其实所有玄机都在“开箱”的一瞬间，包括餐厅、卧室、桑拿屋，都在地面的玄关之下，空间的弹性得到了最大舒展。<br />　　儿童乐园：孩子们可以用环保的纸浆泥塑一个喜羊羊或纸城堡，在蒲蒲兰绘本馆里找一个贴着墙体的圆圈寻找自己的阅读天地。父母在Anantara Spa享受泰式清爽时，自己的孩子并不孤单。<br />　　长城猎奇：从核桃沟上行，20 分钟就能到达被称为“川字第一号”的烽火台，从这里眺望公社是最好的角度。顺长城再徒步1.5 小时，可以看到散落着的城砖，这里是明长城未完成、被迫停工的神奇一段。<br />'),(71,'上海闵行星河湾酒店',' 021-34129999','上海市闵行区都会路3799号',2,'BGMb-yP1jOF5lGs9P',NULL,'0','上海星河湾酒店坐落于金都路与沪金高速交汇处，位于莘庄经济开发区中心地带，紧邻地铁5号线。','31.093952','121.415431','　　上海星河湾酒店坐落于金都路与沪金高速交汇处，位于莘庄经济开发区中心地带，紧邻地铁5号线、漕河泾经济开发区、紫竹经济开发区。与外环高架路相连，距离上海虹桥机场、徐家汇商业区仅25分钟车程，距离上海南站约18分钟，交通便捷。上海星河湾酒店以地中海城堡为蓝本，弥漫着欧洲的宫廷气息。酒店楼高20层，拥有精心设计的跃式套房及行政楼层服务，设有1400平米的国际会议中心和4间140平米多功能会议室、3间特色餐厅、大堂吧、康乐设施、室内外游泳池、水疗SPA等配套设施一应俱全，尽显“细节所在，心意所动”的服务理念。酒店有253间装修精美的客房，每间都配有熨衣设施，浴室，房内保险箱，卫星频道/有线电视，书桌。酒店设有众多娱乐设施，例如：网球场，室外游泳池，spa，游泳池（儿童），室内游泳池，都是放松身心的最佳选择。一流的设施与得天独厚的地理位置都让上海星河湾全套房酒店成为上海旅游的最佳留宿酒店<br />'),(72,'上海外滩悦榕庄',' 021-25091188','上海市虹口区公平路19号',2,'Z7-ECTk85RTfnOynZ',NULL,'0','位于上海市虹口区海平路，与陆家嘴金融贸易区隔江相望，可俯瞰壮丽的浦江两岸及临江1.8公里的葱郁地带。','31.255217939285','121.51169355092','　　欢迎来到上海外滩悦榕庄——一座隐于上海动感都市活力下的桃花源。<br />　　上海外滩悦榕庄坐落于北外滩，酒店与陆家嘴金融贸易区隔江相望，可俯瞰壮丽的浦江两岸及临江1.8公里的葱郁地带。<br />　　在此，尽情体验全新的度假生活风范。坐拥外滩百年风情，与陆家嘴金融贸易区隔江相望；贴心而周到的服务尽享悦榕庄的温馨与热忱，精力充沛地迎接工作的挑战并享受魅力四射的上海夜生活。<br />　　【温馨提示】：为了您和其他的住客都能拥有一个舒适的入住环境，酒店的访客上限为客房4位套房6位，依据政府相关法律规定所有访客逗留最晚至深夜11点。<br />'),(73,'上海东方商旅精品酒店',' 021-63200088','上海市黄浦区金陵东路1号(中山东二路)',2,'NNNN2dN40tGVb8znN',NULL,'','融合现代简约与上海1930，坐拥外滩纵享浦江盛景。网友评价说“视野很是开阔”。','31.237233705683','121.49960477245','　　东方商旅树立在外滩的建筑群里，低调入口向内穿过充满古董收藏的隧道引向通往大厅的电梯，所有藏品均有商旅主人刘季强先生精心收藏并特邀好友吴宗岳根据自己的理念设计改建。<br />　　东方商旅前身为1860年代美国人罗塞尔设立的旗昌洋行。酒店秘闻：东方商旅中的每一件古董收藏，每一个房间的布局以及每一个细节及设施的成型都承载着东方商旅主人台湾商旅董事长刘季强先生的心血，客房内囊括小酒吧及储物等功能的百宝箱根据主人的概念设计长达3年，室内的所有布局都由主人好友名设计师吴宗岳先生执笔，所有客房都以浦江两岸美景和精美陈设逢迎天下客，酒店处处散发着精致独到与细腻贴心的服务理念。<br />　　范玮琪和黑人在此蜜月，王力宏对靓上海套间屡住不爽。<br />'),(74,'上海北上海大酒店',' 021-56653333','上海市静安区江场西路277号（近万荣路）',2,'JhS1_tJ41umtxkm4J',NULL,'','','31.303813','121.449313','　　北上海大酒店位于江场西路277号（近万荣路），建筑面积17000㎡，由上海市北高新（集团）有限公司投资建设，上海市北商务服务有限公司经营管理，以“环保、绿色、节能、高科技、自然”为设计宗旨，典雅大气，定位为精品商务酒店，是市北高新旗下高品质商务服务平台新力作。酒店位于上海市北高新技术服务业园区内，毗邻大宁国际商圈，邻近地铁1号线、7号线及数十条公交线路，通达八方。酒店拥有165间客房，配备大堂吧、全日制自助餐厅、日式餐厅、酒吧、宴会厅、商务中心、茶室、棋牌室、桌球房、饼屋等设施，并与咫尺之遥的市北高新商务中心（原市北半岛商务会所）融汇互通，为往来宾客提供精致中餐、康体健身、东南亚高端SPA等多方位服务。北上海大酒店项目顺应地理优势，填补区域空白，引入自然、人文、科技气息，聘请经验丰富的高星级服务管理团队，结合精品酒店的定位营造一个独一无二的新潮商务商旅生活。酒店拟以其优雅安逸的环境与发自内心的殷勤待客之道，期待各位的莅临。<br />'),(75,'上海南桥绿地铂骊酒店',' 021-37191999','上海市奉贤区南桥环城东路473号',2,'Z7SQ4Z90Dg7e5ccGZ',NULL,'','位处上海市奉贤区南桥环城东路473号，占尽地利之便，邻近主要交通干道，距离虹桥国际机场只需约30分钟车程。','30.948088','121.466868','　　上海南桥绿地铂骊酒店（原上海南桥绿地逸东华酒店）为旅客缔造一种豪华而不繁复，简洁而不简单的住宿新体验。酒店坐落在上海奉贤区南桥的心脏地带，南桥是上海南区的全新商业中心，交通便利，无论是通往上海其他地区，或是到虹桥或浦东国际机场，都非常方便。<br />'),(76,'上海雅客瑞园行政公寓',' 021-68881521','上海市浦东新区浦东大道3号(近东方明珠)',2,'NNNN2dNbZlNsAY_0N',NULL,'','地处陆家嘴金融贸易区，毗邻东方明珠电视塔。网友评价说“房间还是不错的，前台不是很热情”。','31.245698589503','121.51759537482','　　上海雅客瑞园行政公寓是置鼎酒店管理集团旗下的豪华式5星级酒店公寓，酒店拥有各类套房，座落于闻名遐迩的浦东陆家嘴金融贸易区的中心，距离浦西外滩市中心只需10分钟路程，离上海浦东国际机场也只有30分钟的车程，步行即可至上海东方明珠电视塔和上海海洋水族馆，酒店依傍风景秀丽的黄浦江畔，黄浦江全景尽收眼底。面朝集金融、购物、娱乐于一体的上海商业中心，四周高尚的环境使其成为完美生活的卓越典范。<br />　　上海雅客瑞园酒店公寓中的每一间公寓均配有设备齐全的厨房。公寓内宽敞的用餐区域与拥有最先进的家庭娱乐系统的起居室分开，舒适的大床房我们高效的商务支持服务及个性化的客房服务诠释着您对完全私人空间和宾至如归的感悟。<br />　　经过一天漫长的工作，闭路电视监控系统及执勤的保安员，24小时确保您居住环境的安全。卸下利禄战衣时又可以随情随意地去健身、桑拿、按摩及享受中西美食。享受四季如春的室内泳池，和朋友一起在室内的网球场打球或在设备齐全的健身房内健身，还可以在休闲区认识更多的邻居。<br />　　商务中心的专业秘书服务让您紧握商机脉搏，随传随到的专车和专人邮递服务更让您先拨商务头筹。<br />'),(77,'上海金茂君悦大酒店',' 021-50491234','上海市浦东新区世纪大道88号',2,'JhS1_thxJaojMiVMJ',NULL,'5','位于上海市浦东新区世纪大道88号，毗邻东方明珠、上海环球金融中心，距离上海虹桥国际机场约30分钟车程，上海火车站约20分钟车程。','31.240881427917','121.51248994622','　　上海金茂君悦大酒店位于上海地标——88层金茂大厦的53-87层，是世界最高星级酒店之一。上海金茂豪华酒店地处浦东商业金融区陆家嘴中心，拥有可提供全套服务的商务中心。君悦酒店距离上海证券交易所、上海环球金融中心和国际会议中心仅咫尺之遥。<br />'),(78,'上海国际精英俱乐部盛世会别墅',' 021-33686888','上海徐汇区建国西路568号，靠近乌鲁木齐南路',2,'JhS1_tJvQPzA9St-J',NULL,'0','位于上海市徐汇区建国西路，交通便利。','31.209124999028','121.45660500114','　　御席公馆邀您来享受老上海原法租界的奢华、宏伟和个性化的服务。作为英国传教士的私人府邸，御席建于1926年，是上海首屈一指的五星级精品酒店。如果您渴望在私密、高雅的氛围中体验老上海的历史和文化，御席公馆将是您最好的选择。 最繁华的原上海法租界核心区域，御席公馆位于拥有悠久历史的建国西路上，步行十分钟即可到达上海著名的购物商业区徐家汇和充满活力的衡山路酒吧街。地铁1、7和9号线近在咫尺，搭乘地铁您能快捷的到达上海的任何地方。 御席公馆的15间套房体现了十六世纪法式复古的魅力和风格，体贴入微的服务和温馨的氛围，将使您找不到任何现代上海的痕迹。在一个高雅独特的十六世纪法国主题公馆内，每间套房的设施为您提供了舒适的享受和现代化的便利。 我们欢迎您和您的家人、朋友一起来御席公馆体验老上海的浪漫和法式的优雅。<br />'),(79,'上海首席公馆酒店',' 021-54039888','上海徐汇区新乐路82号，靠近襄阳北路',2,'JhS1_t5WwGVIQNd7J',NULL,'','中国第一家城市文化遗产精品酒店，曾是青帮教父杜月笙公馆。','31.224102','121.461689','　　&quot;公馆建筑建于1932年，最初为私人别墅，是由当时法国著名设计师拉法尔设计。它左右对称、构图规整，有古典主义构图意象。<br />　　整座建筑风格具体地体现了当时拥有社会地位的历史名人气派，同时也蕴涵着丰富的历史文化气息。后来，这里成为了当时上海滩风云人物黄金荣、杜月笙和金廷荪等人合股成立的三鑫公司的办公地点。解放后，华东交通部入驻此宅；1958年成为上海市交通运输局办公楼，近几年一直处于空置状态。<br />　　酒店亮点：300余件老上海珍贵文物：1910年的手摇留声机；上世纪30年代的各类财务票据、银行票据、股票、地契等旧上海金融藏品；美女香烟广告；老式照相机、电影放映机；瓦斯热水炉。5.5米高的层高：客房楼层的层高达到5.5米，通常酒店的层高达到4米就不错了，可见旧时“大户人家”的作派。5楼的skyline西餐厅：如果天气适宜，可在露台用餐，对面是古俄罗斯风格的东正教堂，五个鼓形穹顶，孔雀蓝与奶白色相间。&quot;<br />'),(80,'上海外滩华尔道夫酒店',' 021-63229988','上海市黄浦区中山东一路2号',2,'JhS1_tJi_cPpVOUjJ',NULL,'','位于上海外滩核心地带，上海市黄浦区中山东一路2号，毗邻南京路步行街、人民广场。','31.239275','121.496313','　　上海外滩华尔道夫酒店是一座拥有丰富文化内涵、传奇色彩、恒久建筑与深厚历史的奢华酒店，为您创造真实、难忘、独特的体验。它完美结合了上海外滩闻名遐迩的历史与文化及二十一世纪的繁华。<br />　　在分期开业的两幢楼的综合大楼里，设置环境现代时尚的餐厅和酒吧，可俯瞰上海城市美景的精美华贵的宴会厅，豪华的水疗中心，设施完备的健身房等，各功能设置精致巧妙，构成一幅完美的图画，展示出只属于上海外滩华尔道夫酒店的独一无二的宏伟和精致。这里极享盛名的风格，周到的服务，引人注目的周边环境，必将给尊贵的您带来一场休闲度假或商务旅行的独特体验。<br />'),(81,'广州长隆酒店',' 020-84786838','广州市番禺区番禺大道',3,'nz078uvZFZ8TNIFUv',NULL,'','地处中国5A级精品景区——长隆旅游度假区的中心地段，拥有全中国唯一放养白虎及火烈鸟的中庭花园。网友评价说“交通方便，环境不错，价格偏贵，服务很好，房间离电梯超远，早餐很好”。','23.008192','113.334409','　　广州长隆酒店是长隆集团倾力打造全新国际水平的超大型会议休闲度假酒店，地处中国5A级精品景区——长隆旅游度假区的中心地段，总建筑面积达36万平方米，拥有融入不同生态意念的特色客房及套房，约三万平方米的国际会展中心，内设两个分别为6000平方米无柱和900平方米的宴会大厅，以及39间由1200㎡-60㎡可作不同用途的多功能会议厅房。广州长隆酒店左揽长隆欢乐世界，右依香江野生动物世界，前拥长隆高长隆高尔夫练习中心，后傍广州鳄鱼公园，与长隆水上乐园及长隆国际大马戏为邻；酒店更拥有全中国唯一放养白虎及火烈鸟的中庭花园，咫尺之隔饱览大自然的奇妙造化，让您亲身体会非洲草原的自然气息。<br />'),(82,'广州增城金叶子温泉度假酒店',' 020-82829999','广州增城市白水寨风景名胜区',3,'dEakD-_2utwQTDlB-',NULL,'5','位于增城市白水寨风景名胜区。网友评价说“地理位置环境一流，环境不错，房价稍高，服务也很好，早餐丰富”。','23.571129','113.793177','　　金叶子度假酒店是以高山温泉养生及水疗为主题，并集餐饮、住宿、会议、康体、娱乐等多功能于一体的休闲度假酒店。酒店巍然屹立于山体的半山腰处，融汇了中式和独特的巴厘岛式建筑风格。低密度的建筑规划，为客人提供大量户外活动及休闲空间；开放式落地窗户，让您远眺群峰连绵，近观万亩田园；楼宇之间绿树花草簇拥，溪水长流，美的令人窒息……酒店温泉池区拥有36个大小不同的温泉泡池，且位于高山之上，因而得名高山温泉，它是广东省内目前海拔最高的温泉。水源来自深藏的地热温泉，底下水温高达75摄氏度，色泽透明，属极软的弱碱性温泉，富含偏硅酸、钠、锌、铜、钙等对人体健康有益的微量元素，是祛病保健、美容护肤的最佳天然泉水<br />'),(83,'广州花园酒店',' 020-83338989','广州市越秀区环市东路368号',3,'Z7SMfZ9rqhLu9nEtZ',NULL,'5','坐落于越秀区环市东路368号，毗邻市内各大观光购物和休闲娱乐热点。网友评价说“交通方便，环境很好，价格比较高，服务不错，地理位置好，早餐也不错”。','23.141389615955','113.29270761246','　　广州花园酒店是中国首批三家之一、华南地区唯一的&quot;白金星级&quot;酒店以及岭南集团高端豪华酒店品牌&quot;LN岭南花园酒店&quot;的旗舰店，也是第16届广州亚运会总部饭店。酒店以一流的设施、优质的服务和独特的岭南文化氛围著称，是中外商旅下榻之首选。花园酒店位于广州市中心繁华商业区，交通便利，毗邻市内各大观光购物和休闲娱乐热点，广州地铁5号线淘金站更是近在门前。酒店装饰富丽堂皇，拥有828间豪华舒适的客房以及多间荟萃环球风味美食的特色餐厅和酒吧。现代华丽的国际会议中心和10间多功能宴会厅，配套设施一应俱全，是宴请宾客，举办会议的理想场所。此外，酒店还设有商务中心、健康中心、水疗中心、购物商场和后花园等其它多项设施，为来自世界各地的宾客提供宾至如归的尊贵服务。<br />'),(84,'广州南丰朗豪酒店',' 020-89163388','广州市海珠区新港东路638号（近新港东地铁站F出口）',3,'Z7-ECTkOsis9DC0HZ',NULL,'0','位于广州市海珠区新港东路，连接地铁站入口，交通便捷，','23.102465','113.366759','　　广州南丰朗豪酒店距离广交会展馆步行仅需约2分钟。酒店交通便捷，距离新港东地铁站仅有约5分钟步行路程，珠江新城约15分钟车程，白云国际机场约45分钟车程，从酒店可轻松抵达购物商圈以及各个主要景点。酒店隶属于朗廷酒店集团。朗廷酒店集团的璀璨瑰丽传奇始于1865年，当时伦敦朗廷酒店隆重开业，成为欧洲首家豪华酒店。时至今日，世界各地的朗廷酒店仍然坚守相同的理念，把典雅高贵的设计、创新的待客之道、触动五官的感觉及体贴挚诚的服务完美结合，呈现客人眼前。酒店时尚、轩敞的客房均配备顶级设备，为您每一次下榻缔造舒心的居停体验。独具风格的餐厅和酒吧供应环球自助餐、各种地道美食和美酒，呈献出滋味无穷的美味盛宴。酒店坐拥气派非凡的宴会及会议场地，其中包括宴会厅、五个会议室、户外活动场地，以及无柱式大宴会厅，为各种规模的活动提供足够的空间和灵活性。此外，为满足宾客的健康和养生需求，酒店设有卓越完善的健身休闲设施，包括「川」水疗中心、健身室、室内恒温游泳池以及两个迷你高尔夫球场。<br />');

/*Table structure for table `line` */

DROP TABLE IF EXISTS `line`;

CREATE TABLE `line` (
  `id` int(11) NOT NULL AUTO_INCREMENT,
  `name` varchar(200) COLLATE utf8_bin DEFAULT NULL,
  `line_id` int(11) DEFAULT NULL,
  `create_time` timestamp NULL DEFAULT NULL,
  PRIMARY KEY (`id`)
) ENGINE=InnoDB AUTO_INCREMENT=853 DEFAULT CHARSET=utf8 COLLATE=utf8_bin;

/*Data for the table `line` */

insert  into `line`(`id`,`name`,`line_id`,`create_time`) values (1,'四惠东',1,'2016-02-18 00:00:00'),(2,'四惠',1,'2016-02-18 00:00:00'),(3,'大望路',1,'2016-02-18 00:00:00'),(4,'国贸',1,'2016-02-18 00:00:00'),(5,'永安里',1,'2016-02-18 00:00:00'),(6,'建国门',1,'2016-02-18 00:00:00'),(7,'东单',1,'2016-02-18 00:00:00'),(8,'王府井',1,'2016-02-18 00:00:00'),(9,'天安门东',1,'2016-02-18 00:00:00'),(10,'天安门西',1,'2016-02-18 00:00:00'),(11,'西单',1,'2016-02-18 00:00:00'),(12,'复兴门',1,'2016-02-18 00:00:00'),(13,'南礼士路',1,'2016-02-18 00:00:00'),(14,'木樨地',1,'2016-02-18 00:00:00'),(15,'军事博物馆',1,'2016-02-18 00:00:00'),(16,'公主坟',1,'2016-02-18 00:00:00'),(17,'万寿路',1,'2016-02-18 00:00:00'),(18,'五棵松',1,'2016-02-18 00:00:00'),(19,'玉泉路',1,'2016-02-18 00:00:00'),(20,'八宝山',1,'2016-02-18 00:00:00'),(21,'八角游乐园',1,'2016-02-18 00:00:00'),(22,'古城',1,'2016-02-18 00:00:00'),(23,'苹果园',1,'2016-02-18 00:00:00'),(24,'东直门',2,'2016-02-18 00:00:00'),(25,'东四十条',2,'2016-02-18 00:00:00'),(26,'朝阳门',2,'2016-02-18 00:00:00'),(27,'建国门',2,'2016-02-18 00:00:00'),(28,'北京站',2,'2016-02-18 00:00:00'),(29,'崇文门',2,'2016-02-18 00:00:00'),(30,'前门',2,'2016-02-18 00:00:00'),(31,'和平门',2,'2016-02-18 00:00:00'),(32,'宣武门',2,'2016-02-18 00:00:00'),(33,'长椿街',2,'2016-02-18 00:00:00'),(34,'复兴门',2,'2016-02-18 00:00:00'),(35,'阜成门',2,'2016-02-18 00:00:00'),(36,'车公庄',2,'2016-02-18 00:00:00'),(37,'西直门',2,'2016-02-18 00:00:00'),(38,'积水潭',2,'2016-02-18 00:00:00'),(39,'鼓楼大街',2,'2016-02-18 00:00:00'),(40,'安定门',2,'2016-02-18 00:00:00'),(41,'雍和宫',2,'2016-02-18 00:00:00'),(42,'安河桥北',3,'2016-02-18 00:00:00'),(43,'北宫门',3,'2016-02-18 00:00:00'),(44,'西苑',3,'2016-02-18 00:00:00'),(45,'圆明园',3,'2016-02-18 00:00:00'),(46,'北京大学东门',3,'2016-02-18 00:00:00'),(47,'中关村',3,'2016-02-18 00:00:00'),(48,'海淀黄庄',3,'2016-02-18 00:00:00'),(49,'人民大学',3,'2016-02-18 00:00:00'),(50,'魏公村',3,'2016-02-18 00:00:00'),(51,'国家图书馆',3,'2016-02-18 00:00:00'),(52,'北京动物园',3,'2016-02-18 00:00:00'),(53,'西直门',3,'2016-02-18 00:00:00'),(54,'新街口',3,'2016-02-18 00:00:00'),(55,'平安里',3,'2016-02-18 00:00:00'),(56,'西四',3,'2016-02-18 00:00:00'),(57,'灵境胡同',3,'2016-02-18 00:00:00'),(58,'西单',3,'2016-02-18 00:00:00'),(59,'宣武门',3,'2016-02-18 00:00:00'),(60,'菜市口',3,'2016-02-18 00:00:00'),(61,'陶然亭',3,'2016-02-18 00:00:00'),(62,'北京南站',3,'2016-02-18 00:00:00'),(63,'马家堡',3,'2016-02-18 00:00:00'),(64,'角门西',3,'2016-02-18 00:00:00'),(65,'公益西桥',3,'2016-02-18 00:00:00'),(66,'宋家庄',4,'2016-02-18 00:00:00'),(67,'刘家窑',4,'2016-02-18 00:00:00'),(68,'蒲黄榆',4,'2016-02-18 00:00:00'),(69,'天坛东门',4,'2016-02-18 00:00:00'),(70,'磁器口',4,'2016-02-18 00:00:00'),(71,'崇文门',4,'2016-02-18 00:00:00'),(72,'东单',4,'2016-02-18 00:00:00'),(73,'灯市口',4,'2016-02-18 00:00:00'),(74,'东四',4,'2016-02-18 00:00:00'),(75,'张自忠路',4,'2016-02-18 00:00:00'),(76,'北新桥',4,'2016-02-18 00:00:00'),(77,'雍和宫',4,'2016-02-18 00:00:00'),(78,'和平里北街',4,'2016-02-18 00:00:00'),(79,'和平西桥',4,'2016-02-18 00:00:00'),(80,'惠新西街南口',4,'2016-02-18 00:00:00'),(81,'惠新西街北口',4,'2016-02-18 00:00:00'),(82,'大屯路东',4,'2016-02-18 00:00:00'),(83,'北苑路北',4,'2016-02-18 00:00:00'),(84,'立水桥南',4,'2016-02-18 00:00:00'),(85,'立水桥',4,'2016-02-18 00:00:00'),(86,'天通苑南',4,'2016-02-18 00:00:00'),(87,'天通苑',4,'2016-02-18 00:00:00'),(88,'天通苑北',4,'2016-02-18 00:00:00'),(89,'海淀五路居',5,'2016-02-18 00:00:00'),(90,'慈寿寺',5,'2016-02-18 00:00:00'),(91,'花园桥',5,'2016-02-18 00:00:00'),(92,'白石桥南',5,'2016-02-18 00:00:00'),(93,'车公庄西',5,'2016-02-18 00:00:00'),(94,'车公庄',5,'2016-02-18 00:00:00'),(95,'平安里',5,'2016-02-18 00:00:00'),(96,'北海北',5,'2016-02-18 00:00:00'),(97,'南锣鼓巷',5,'2016-02-18 00:00:00'),(98,'东四',5,'2016-02-18 00:00:00'),(99,'朝阳门',5,'2016-02-18 00:00:00'),(100,'东大桥',5,'2016-02-18 00:00:00'),(101,'呼家楼',5,'2016-02-18 00:00:00'),(102,'金台路',5,'2016-02-18 00:00:00'),(103,'十里堡',5,'2016-02-18 00:00:00'),(104,'青年路',5,'2016-02-18 00:00:00'),(105,'褡裢坡',5,'2016-02-18 00:00:00'),(106,'黄渠',5,'2016-02-18 00:00:00'),(107,'常营',5,'2016-02-18 00:00:00'),(108,'草房',5,'2016-02-18 00:00:00'),(109,'鼓楼大街',6,'2016-02-18 00:00:00'),(110,'安华桥',6,'2016-02-18 00:00:00'),(111,'北土城',6,'2016-02-18 00:00:00'),(112,'奥体中心',6,'2016-02-18 00:00:00'),(113,'奥林匹克公园',6,'2016-02-18 00:00:00'),(114,'森林公园南门',6,'2016-02-18 00:00:00'),(115,'林萃桥',6,'2016-02-18 00:00:00'),(116,'永泰庄',6,'2016-02-18 00:00:00'),(117,'西小口',6,'2016-02-18 00:00:00'),(118,'育新',6,'2016-02-18 00:00:00'),(119,'霍营',6,'2016-02-18 00:00:00'),(120,'回龙观东大街',6,'2016-02-18 00:00:00'),(121,'国家图书馆',7,'2016-02-18 00:00:00'),(122,'白石桥南',7,'2016-02-18 00:00:00'),(123,'白堆子',7,'2016-02-18 00:00:00'),(124,'北京西站',7,'2016-02-18 00:00:00'),(125,'六里桥东',7,'2016-02-18 00:00:00'),(126,'六里桥',7,'2016-02-18 00:00:00'),(127,'七里庄',7,'2016-02-18 00:00:00'),(128,'丰台东大街',7,'2016-02-18 00:00:00'),(129,'丰台南路',7,'2016-02-18 00:00:00'),(130,'科怡路',7,'2016-02-18 00:00:00'),(131,'丰台科技园',7,'2016-02-18 00:00:00'),(132,'郭公庄',7,'2016-02-18 00:00:00'),(133,'首经贸',8,'2016-02-18 00:00:00'),(134,'纪家庙',8,'2016-02-18 00:00:00'),(135,'草桥',8,'2016-02-18 00:00:00'),(136,'角门西',8,'2016-02-18 00:00:00'),(137,'大红门',8,'2016-02-18 00:00:00'),(138,'石榴庄',8,'2016-02-18 00:00:00'),(139,'宋家庄',8,'2016-02-18 00:00:00'),(140,'成寿寺',8,'2016-02-18 00:00:00'),(141,'分钟寺',8,'2016-02-18 00:00:00'),(142,'十里河',8,'2016-02-18 00:00:00'),(143,'潘家园',8,'2016-02-18 00:00:00'),(144,'劲松',8,'2016-02-18 00:00:00'),(145,'双井',8,'2016-02-18 00:00:00'),(146,'国贸',8,'2016-02-18 00:00:00'),(147,'金台夕照',8,'2016-02-18 00:00:00'),(148,'呼家楼',8,'2016-02-18 00:00:00'),(149,'团结湖',8,'2016-02-18 00:00:00'),(150,'农展馆',8,'2016-02-18 00:00:00'),(151,'亮马桥',8,'2016-02-18 00:00:00'),(152,'三元桥',8,'2016-02-18 00:00:00'),(153,'太阳宫',8,'2016-02-18 00:00:00'),(154,'芍药居',8,'2016-02-18 00:00:00'),(155,'惠新西街南口',8,'2016-02-18 00:00:00'),(156,'安贞门',8,'2016-02-18 00:00:00'),(157,'北土城',8,'2016-02-18 00:00:00'),(158,'健德门',8,'2016-02-18 00:00:00'),(159,'牡丹园',8,'2016-02-18 00:00:00'),(160,'西土城',8,'2016-02-18 00:00:00'),(161,'知春路',8,'2016-02-18 00:00:00'),(162,'知春里',8,'2016-02-18 00:00:00'),(163,'海淀黄庄',8,'2016-02-18 00:00:00'),(164,'苏州街',8,'2016-02-18 00:00:00'),(165,'巴沟',8,'2016-02-18 00:00:00'),(166,'火器营',8,'2016-02-18 00:00:00'),(167,'长春桥',8,'2016-02-18 00:00:00'),(168,'车道沟',8,'2016-02-18 00:00:00'),(169,'慈寿寺',8,'2016-02-18 00:00:00'),(170,'西钓鱼台',8,'2016-02-18 00:00:00'),(171,'公主坟',8,'2016-02-18 00:00:00'),(172,'莲花桥',8,'2016-02-18 00:00:00'),(173,'六里桥',8,'2016-02-18 00:00:00'),(174,'西局',8,'2016-02-18 00:00:00'),(175,'东直门',9,'2016-02-18 00:00:00'),(176,'柳芳',9,'2016-02-18 00:00:00'),(177,'光熙门',9,'2016-02-18 00:00:00'),(178,'芍药居',9,'2016-02-18 00:00:00'),(179,'望京西',9,'2016-02-18 00:00:00'),(180,'北苑',9,'2016-02-18 00:00:00'),(181,'立水桥',9,'2016-02-18 00:00:00'),(182,'霍营',9,'2016-02-18 00:00:00'),(183,'回龙观',9,'2016-02-18 00:00:00'),(184,'龙泽',9,'2016-02-18 00:00:00'),(185,'西二旗',9,'2016-02-18 00:00:00'),(186,'上地',9,'2016-02-18 00:00:00'),(187,'五道口',9,'2016-02-18 00:00:00'),(188,'知春路',9,'2016-02-18 00:00:00'),(189,'大钟寺',9,'2016-02-18 00:00:00'),(190,'西直门',9,'2016-02-18 00:00:00'),(191,'望京西',10,'2016-02-18 00:00:00'),(192,'望京',10,'2016-02-18 00:00:00'),(193,'崔各庄',10,'2016-02-18 00:00:00'),(194,'马泉营',10,'2016-02-18 00:00:00'),(195,'孙河',10,'2016-02-18 00:00:00'),(196,'国展',10,'2016-02-18 00:00:00'),(197,'花梨坎',10,'2016-02-18 00:00:00'),(198,'后沙峪',10,'2016-02-18 00:00:00'),(199,'南法信',10,'2016-02-18 00:00:00'),(200,'石门',10,'2016-02-18 00:00:00'),(201,'顺义',10,'2016-02-18 00:00:00'),(202,'俸伯',10,'2016-02-18 00:00:00'),(203,'四惠',11,'2016-02-18 00:00:00'),(204,'四惠东',11,'2016-02-18 00:00:00'),(205,'高碑店',11,'2016-02-18 00:00:00'),(206,'传媒大学',11,'2016-02-18 00:00:00'),(207,'双桥',11,'2016-02-18 00:00:00'),(208,'管庄',11,'2016-02-18 00:00:00'),(209,'八里桥',11,'2016-02-18 00:00:00'),(210,'通州北苑',11,'2016-02-18 00:00:00'),(211,'果园',11,'2016-02-18 00:00:00'),(212,'九棵树',11,'2016-02-18 00:00:00'),(213,'梨园',11,'2016-02-18 00:00:00'),(214,'临河里',11,'2016-02-18 00:00:00'),(215,'土桥',11,'2016-02-18 00:00:00'),(216,'南邵',12,'2016-02-18 00:00:00'),(217,'沙河高教园',12,'2016-02-18 00:00:00'),(218,'沙河',12,'2016-02-18 00:00:00'),(219,'巩华城',12,'2016-02-18 00:00:00'),(220,'朱辛庄',12,'2016-02-18 00:00:00'),(221,'生命科学园',12,'2016-02-18 00:00:00'),(222,'西二旗',12,'2016-02-18 00:00:00'),(223,'东直门',13,'2016-02-18 00:00:00'),(224,'三元桥',13,'2016-02-18 00:00:00'),(225,'T2航站楼',13,'2016-02-18 00:00:00'),(226,'T3航站楼',13,'2016-02-18 00:00:00'),(227,'公益西桥',14,'2016-02-18 00:00:00'),(228,'新宫',14,'2016-02-18 00:00:00'),(229,'西红门',14,'2016-02-18 00:00:00'),(230,'高米店北',14,'2016-02-18 00:00:00'),(231,'高米店南',14,'2016-02-18 00:00:00'),(232,'枣园',14,'2016-02-18 00:00:00'),(233,'清源路',14,'2016-02-18 00:00:00'),(234,'黄村西大街',14,'2016-02-18 00:00:00'),(235,'黄村火车站',14,'2016-02-18 00:00:00'),(236,'义和庄',14,'2016-02-18 00:00:00'),(237,'生物医药基地',14,'2016-02-18 00:00:00'),(238,'天宫院',14,'2016-02-18 00:00:00'),(239,'宋家庄',15,'2016-02-18 00:00:00'),(240,'肖村',15,'2016-02-18 00:00:00'),(241,'小红门',15,'2016-02-18 00:00:00'),(242,'旧宫',15,'2016-02-18 00:00:00'),(243,'亦庄桥',15,'2016-02-18 00:00:00'),(244,'亦庄文化园',15,'2016-02-18 00:00:00'),(245,'万源街',15,'2016-02-18 00:00:00'),(246,'荣京东街',15,'2016-02-18 00:00:00'),(247,'荣昌东街',15,'2016-02-18 00:00:00'),(248,'同济南路',15,'2016-02-18 00:00:00'),(249,'经海路',15,'2016-02-18 00:00:00'),(250,'次渠南',15,'2016-02-18 00:00:00'),(251,'次渠',15,'2016-02-18 00:00:00'),(252,'大葆台',16,'2016-02-18 00:00:00'),(253,'稻田',16,'2016-02-18 00:00:00'),(254,'长阳',16,'2016-02-18 00:00:00'),(255,'篱笆房',16,'2016-02-18 00:00:00'),(256,'广阳城',16,'2016-02-18 00:00:00'),(257,'良乡大学城北',16,'2016-02-18 00:00:00'),(258,'良乡大学城',16,'2016-02-18 00:00:00'),(259,'良乡大学城西',16,'2016-02-18 00:00:00'),(260,'良乡南关',16,'2016-02-18 00:00:00'),(261,'苏庄',16,'2016-02-18 00:00:00'),(262,'莘庄',17,'2016-02-18 00:00:00'),(263,'外环路',17,'2016-02-18 00:00:00'),(264,'莲花路',17,'2016-02-18 00:00:00'),(265,'锦江乐园',17,'2016-02-18 00:00:00'),(266,'上海南站',17,'2016-02-18 00:00:00'),(267,'漕宝路',17,'2016-02-18 00:00:00'),(268,'上海体育馆',17,'2016-02-18 00:00:00'),(269,'徐家汇',17,'2016-02-18 00:00:00'),(270,'衡山路',17,'2016-02-18 00:00:00'),(271,'常熟路',17,'2016-02-18 00:00:00'),(272,'陕西南路',17,'2016-02-18 00:00:00'),(273,'黄陂南路',17,'2016-02-18 00:00:00'),(274,'上海人民广场',17,'2016-02-18 00:00:00'),(275,'新闸路',17,'2016-02-18 00:00:00'),(276,'汉中路',17,'2016-02-18 00:00:00'),(277,'上海火车站',17,'2016-02-18 00:00:00'),(278,'中山北路',17,'2016-02-18 00:00:00'),(279,'延长路',17,'2016-02-18 00:00:00'),(280,'上海马戏城',17,'2016-02-18 00:00:00'),(281,'汶水路',17,'2016-02-18 00:00:00'),(282,'彭浦新村',17,'2016-02-18 00:00:00'),(283,'共康路',17,'2016-02-18 00:00:00'),(284,'通河新村',17,'2016-02-18 00:00:00'),(285,'呼兰路',17,'2016-02-18 00:00:00'),(286,'共富新村',17,'2016-02-18 00:00:00'),(287,'宝安公路',17,'2016-02-18 00:00:00'),(288,'友谊西路',17,'2016-02-18 00:00:00'),(289,'富锦路',17,'2016-02-18 00:00:00'),(290,'浦东国际机场',18,'2016-02-18 00:00:00'),(291,'海天三路',18,'2016-02-18 00:00:00'),(292,'远东大道',18,'2016-02-18 00:00:00'),(293,'凌空路',18,'2016-02-18 00:00:00'),(294,'川沙',18,'2016-02-18 00:00:00'),(295,'华夏东路',18,'2016-02-18 00:00:00'),(296,'创新中路',18,'2016-02-18 00:00:00'),(297,'唐镇',18,'2016-02-18 00:00:00'),(298,'广兰路',18,'2016-02-18 00:00:00'),(299,'金科路',18,'2016-02-18 00:00:00'),(300,'张江高科',18,'2016-02-18 00:00:00'),(301,'龙阳路',18,'2016-02-18 00:00:00'),(302,'世纪公园',18,'2016-02-18 00:00:00'),(303,'科技馆',18,'2016-02-18 00:00:00'),(304,'世纪大道',18,'2016-02-18 00:00:00'),(305,'东昌路',18,'2016-02-18 00:00:00'),(306,'陆家嘴',18,'2016-02-18 00:00:00'),(307,'南京东路',18,'2016-02-18 00:00:00'),(308,'人民广场',18,'2016-02-18 00:00:00'),(309,'南京西路',18,'2016-02-18 00:00:00'),(310,'静安寺',18,'2016-02-18 00:00:00'),(311,'江苏路',18,'2016-02-18 00:00:00'),(312,'中山公园',18,'2016-02-18 00:00:00'),(313,'娄山关路',18,'2016-02-18 00:00:00'),(314,'威宁路',18,'2016-02-18 00:00:00'),(315,'北新泾',18,'2016-02-18 00:00:00'),(316,'淞虹路',18,'2016-02-18 00:00:00'),(317,'虹桥2号航站楼',18,'2016-02-18 00:00:00'),(318,'虹桥火车',18,'2016-02-18 00:00:00'),(319,'徐泾东',18,'2016-02-18 00:00:00'),(320,'上海南站',19,'2016-02-18 00:00:00'),(321,'石龙路',19,'2016-02-18 00:00:00'),(322,'龙漕路',19,'2016-02-18 00:00:00'),(323,'漕溪路',19,'2016-02-18 00:00:00'),(324,'宜山路',19,'2016-02-18 00:00:00'),(325,'虹桥路',19,'2016-02-18 00:00:00'),(326,'延安西路',19,'2016-02-18 00:00:00'),(327,'中山公园',19,'2016-02-18 00:00:00'),(328,'金沙江路',19,'2016-02-18 00:00:00'),(329,'曹杨路',19,'2016-02-18 00:00:00'),(330,'镇坪路',19,'2016-02-18 00:00:00'),(331,'中潭路',19,'2016-02-18 00:00:00'),(332,'上海火车站',19,'2016-02-18 00:00:00'),(333,'宝山路',19,'2016-02-18 00:00:00'),(334,'东宝兴路',19,'2016-02-18 00:00:00'),(335,'虹口足球场',19,'2016-02-18 00:00:00'),(336,'赤峰路',19,'2016-02-18 00:00:00'),(337,'大柏树',19,'2016-02-18 00:00:00'),(338,'江湾镇',19,'2016-02-18 00:00:00'),(339,'殷高西路',19,'2016-02-18 00:00:00'),(340,'长江南路',19,'2016-02-18 00:00:00'),(341,'淞发路',19,'2016-02-18 00:00:00'),(342,'张华浜路',19,'2016-02-18 00:00:00'),(343,'淞滨路',19,'2016-02-18 00:00:00'),(344,'水产路',19,'2016-02-18 00:00:00'),(345,'宝杨路',19,'2016-02-18 00:00:00'),(346,'友谊路',19,'2016-02-18 00:00:00'),(347,'铁力路',19,'2016-02-18 00:00:00'),(348,'江阳北路',19,'2016-02-18 00:00:00'),(349,'镇坪路',20,'2016-02-18 00:00:00'),(350,'中潭路',20,'2016-02-18 00:00:00'),(351,'上海火车站',20,'2016-02-18 00:00:00'),(352,'宝山路',20,'2016-02-18 00:00:00'),(353,'海伦路',20,'2016-02-18 00:00:00'),(354,'临平路',20,'2016-02-18 00:00:00'),(355,'大连路',20,'2016-02-18 00:00:00'),(356,'杨树浦路',20,'2016-02-18 00:00:00'),(357,'浦东大道',20,'2016-02-18 00:00:00'),(358,'世纪大道',20,'2016-02-18 00:00:00'),(359,'浦电路',20,'2016-02-18 00:00:00'),(360,'蓝村路',20,'2016-02-18 00:00:00'),(361,'塘桥',20,'2016-02-18 00:00:00'),(362,'南浦大桥',20,'2016-02-18 00:00:00'),(363,'西藏南路',20,'2016-02-18 00:00:00'),(364,'鲁班路',20,'2016-02-18 00:00:00'),(365,'大木桥路',20,'2016-02-18 00:00:00'),(366,'东安路',20,'2016-02-18 00:00:00'),(367,'上海体育场',20,'2016-02-18 00:00:00'),(368,'上海体育馆',20,'2016-02-18 00:00:00'),(369,'宜山路',20,'2016-02-18 00:00:00'),(370,'虹桥路',20,'2016-02-18 00:00:00'),(371,'延安西路',20,'2016-02-18 00:00:00'),(372,'中山公园',20,'2016-02-18 00:00:00'),(373,'金沙江路',20,'2016-02-18 00:00:00'),(374,'曹杨路',20,'2016-02-18 00:00:00'),(375,'闵行开发区',21,'2016-02-18 00:00:00'),(376,'文井路',21,'2016-02-18 00:00:00'),(377,'华宁路',21,'2016-02-18 00:00:00'),(378,'金平路',21,'2016-02-18 00:00:00'),(379,'东川路',21,'2016-02-18 00:00:00'),(380,'剑川路',21,'2016-02-18 00:00:00'),(381,'北桥',21,'2016-02-18 00:00:00'),(382,'颛桥',21,'2016-02-18 00:00:00'),(383,'银都路',21,'2016-02-18 00:00:00'),(384,'春申路',21,'2016-02-18 00:00:00'),(385,'莘庄',21,'2016-02-18 00:00:00'),(386,'东方体育中心',22,'2016-02-18 00:00:00'),(387,'灵岩南路',22,'2016-02-18 00:00:00'),(388,'上南路',22,'2016-02-18 00:00:00'),(389,'华夏西路',22,'2016-02-18 00:00:00'),(390,'高青路',22,'2016-02-18 00:00:00'),(391,'东明路',22,'2016-02-18 00:00:00'),(392,'高科西路',22,'2016-02-18 00:00:00'),(393,'临沂新村',22,'2016-02-18 00:00:00'),(394,'儿童医学中心',22,'2016-02-18 00:00:00'),(395,'蓝村路',22,'2016-02-18 00:00:00'),(396,'浦电路',22,'2016-02-18 00:00:00'),(397,'世纪大道',22,'2016-02-18 00:00:00'),(398,'源深体育中心',22,'2016-02-18 00:00:00'),(399,'民生路',22,'2016-02-18 00:00:00'),(400,'北洋泾路',22,'2016-02-18 00:00:00'),(401,'德平路',22,'2016-02-18 00:00:00'),(402,'云山路',22,'2016-02-18 00:00:00'),(403,'金桥路',22,'2016-02-18 00:00:00'),(404,'博兴路',22,'2016-02-18 00:00:00'),(405,'五莲路',22,'2016-02-18 00:00:00'),(406,'巨峰路',22,'2016-02-18 00:00:00'),(407,'东靖路',22,'2016-02-18 00:00:00'),(408,'五洲大道',22,'2016-02-18 00:00:00'),(409,'洲海路',22,'2016-02-18 00:00:00'),(410,'外高桥保税区南',22,'2016-02-18 00:00:00'),(411,'航津路',22,'2016-02-18 00:00:00'),(412,'外高桥保税区北',22,'2016-02-18 00:00:00'),(413,'港城路',22,'2016-02-18 00:00:00'),(414,'美兰湖',23,'2016-02-18 00:00:00'),(415,'罗南新村',23,'2016-02-18 00:00:00'),(416,'潘广路',23,'2016-02-18 00:00:00'),(417,'刘行',23,'2016-02-18 00:00:00'),(418,'顾村公园',23,'2016-02-18 00:00:00'),(419,'上海大学',23,'2016-02-18 00:00:00'),(420,'南陈路',23,'2016-02-18 00:00:00'),(421,'上大路',23,'2016-02-18 00:00:00'),(422,'场中路',23,'2016-02-18 00:00:00'),(423,'大场镇',23,'2016-02-18 00:00:00'),(424,'行知路',23,'2016-02-18 00:00:00'),(425,'大华三路',23,'2016-02-18 00:00:00'),(426,'新村路',23,'2016-02-18 00:00:00'),(427,'岚皋路',23,'2016-02-18 00:00:00'),(428,'镇坪路',23,'2016-02-18 00:00:00'),(429,'长寿路',23,'2016-02-18 00:00:00'),(430,'昌平路',23,'2016-02-18 00:00:00'),(431,'静安寺',23,'2016-02-18 00:00:00'),(432,'常熟路',23,'2016-02-18 00:00:00'),(433,'肇嘉浜路',23,'2016-02-18 00:00:00'),(434,'东安路',23,'2016-02-18 00:00:00'),(435,'船厂路',23,'2016-02-18 00:00:00'),(436,'后滩',23,'2016-02-18 00:00:00'),(437,'长清路',23,'2016-02-18 00:00:00'),(438,'耀华路',23,'2016-02-18 00:00:00'),(439,'云台路',23,'2016-02-18 00:00:00'),(440,'高科西路',23,'2016-02-18 00:00:00'),(441,'杨高南路',23,'2016-02-18 00:00:00'),(442,'锦绣路',23,'2016-02-18 00:00:00'),(443,'芳华路',23,'2016-02-18 00:00:00'),(444,'龙阳路',23,'2016-02-18 00:00:00'),(445,'花木路',23,'2016-02-18 00:00:00'),(446,'航天博物馆',24,'2016-02-18 00:00:00'),(447,'联航路',24,'2016-02-18 00:00:00'),(448,'江月路',24,'2016-02-18 00:00:00'),(449,'浦江镇',24,'2016-02-18 00:00:00'),(450,'芦恒路',24,'2016-02-18 00:00:00'),(451,'凌兆新村',24,'2016-02-18 00:00:00'),(452,'东方体育中心',24,'2016-02-18 00:00:00'),(453,'杨思',24,'2016-02-18 00:00:00'),(454,'成山路',24,'2016-02-18 00:00:00'),(455,'耀华路',24,'2016-02-18 00:00:00'),(456,'西藏南路',24,'2016-02-18 00:00:00'),(457,'陆家浜路',24,'2016-02-18 00:00:00'),(458,'老西门',24,'2016-02-18 00:00:00'),(459,'大世界',24,'2016-02-18 00:00:00'),(460,'人民广场',24,'2016-02-18 00:00:00'),(461,'曲阜路',24,'2016-02-18 00:00:00'),(462,'中兴路',24,'2016-02-18 00:00:00'),(463,'西藏北路',24,'2016-02-18 00:00:00'),(464,'虹口足球场',24,'2016-02-18 00:00:00'),(465,'曲阳路',24,'2016-02-18 00:00:00'),(466,'四平路',24,'2016-02-18 00:00:00'),(467,'鞍山新村',24,'2016-02-18 00:00:00'),(468,'江浦路',24,'2016-02-18 00:00:00'),(469,'黄兴路',24,'2016-02-18 00:00:00'),(470,'延吉中路',24,'2016-02-18 00:00:00'),(471,'黄兴公园',24,'2016-02-18 00:00:00'),(472,'翔殷路',24,'2016-02-18 00:00:00'),(473,'嫩江路',24,'2016-02-18 00:00:00'),(474,'市光路',24,'2016-02-18 00:00:00'),(475,'杨高中路',25,'2016-02-18 00:00:00'),(476,'世纪大道',25,'2016-02-18 00:00:00'),(477,'商城路',25,'2016-02-18 00:00:00'),(478,'小南门',25,'2016-02-18 00:00:00'),(479,'陆家浜路',25,'2016-02-18 00:00:00'),(480,'马当路',25,'2016-02-18 00:00:00'),(481,'打浦桥',25,'2016-02-18 00:00:00'),(482,'嘉善路',25,'2016-02-18 00:00:00'),(483,'肇嘉浜路',25,'2016-02-18 00:00:00'),(484,'徐家汇',25,'2016-02-18 00:00:00'),(485,'宜山路',25,'2016-02-18 00:00:00'),(486,'桂林路',25,'2016-02-18 00:00:00'),(487,'漕河泾开发区',25,'2016-02-18 00:00:00'),(488,'合川路',25,'2016-02-18 00:00:00'),(489,'星中路',25,'2016-02-18 00:00:00'),(490,'七宝',25,'2016-02-18 00:00:00'),(491,'中春路',25,'2016-02-18 00:00:00'),(492,'九亭',25,'2016-02-18 00:00:00'),(493,'泗泾',25,'2016-02-18 00:00:00'),(494,'佘山',25,'2016-02-18 00:00:00'),(495,'洞泾',25,'2016-02-18 00:00:00'),(496,'松江大学城',25,'2016-02-18 00:00:00'),(497,'松江新城',25,'2016-02-18 00:00:00'),(498,'浦东国际机场',26,'2016-02-18 00:00:00'),(499,'龙阳路',26,'2016-02-18 00:00:00'),(500,'航中路',27,'2016-02-18 00:00:00'),(501,'紫藤路',27,'2016-02-18 00:00:00'),(502,'龙柏新村',27,'2016-02-18 00:00:00'),(503,'龙溪路',27,'2016-02-18 00:00:00'),(504,'水城路',27,'2016-02-18 00:00:00'),(505,'伊犁路',27,'2016-02-18 00:00:00'),(506,'宋园路',27,'2016-02-18 00:00:00'),(507,'虹桥路',27,'2016-02-18 00:00:00'),(508,'交通大学',27,'2016-02-18 00:00:00'),(509,'上海图书馆',27,'2016-02-18 00:00:00'),(510,'陕西南路',27,'2016-02-18 00:00:00'),(511,'新天地',27,'2016-02-18 00:00:00'),(512,'老西门',27,'2016-02-18 00:00:00'),(513,'豫园',27,'2016-02-18 00:00:00'),(514,'南京东路',27,'2016-02-18 00:00:00'),(515,'天潼路',27,'2016-02-18 00:00:00'),(516,'四川北路',27,'2016-02-18 00:00:00'),(517,'海伦路',27,'2016-02-18 00:00:00'),(518,'邮电新村',27,'2016-02-18 00:00:00'),(519,'四平路',27,'2016-02-18 00:00:00'),(520,'同济大学',27,'2016-02-18 00:00:00'),(521,'国权路地铁站',27,'2016-02-18 00:00:00'),(522,'五角场',27,'2016-02-18 00:00:00'),(523,'江湾体育场',27,'2016-02-18 00:00:00'),(524,'三门路',27,'2016-02-18 00:00:00'),(525,'殷高东路',27,'2016-02-18 00:00:00'),(526,'新江湾城',27,'2016-02-18 00:00:00'),(527,'虹桥火车站',28,'2016-02-18 00:00:00'),(528,'虹桥2号航站楼',28,'2016-02-18 00:00:00'),(529,'虹桥1号航站楼',28,'2016-02-18 00:00:00'),(530,'动物园',28,'2016-02-18 00:00:00'),(531,'龙溪路',28,'2016-02-18 00:00:00'),(532,'水城路',28,'2016-02-18 00:00:00'),(533,'伊犁路',28,'2016-02-18 00:00:00'),(534,'宋园路',28,'2016-02-18 00:00:00'),(535,'虹桥路',28,'2016-02-18 00:00:00'),(536,'交通大学',28,'2016-02-18 00:00:00'),(537,'上海图书馆',28,'2016-02-18 00:00:00'),(538,'陕西南路',28,'2016-02-18 00:00:00'),(539,'新天地',28,'2016-02-18 00:00:00'),(540,'老西门',28,'2016-02-18 00:00:00'),(541,'豫园',28,'2016-02-18 00:00:00'),(542,'南京东路',28,'2016-02-18 00:00:00'),(543,'天潼路',28,'2016-02-18 00:00:00'),(544,'四川北路',28,'2016-02-18 00:00:00'),(545,'海伦路',28,'2016-02-18 00:00:00'),(546,'邮电新村',28,'2016-02-18 00:00:00'),(547,'四平路',28,'2016-02-18 00:00:00'),(548,'同济大学',28,'2016-02-18 00:00:00'),(549,'国权路',28,'2016-02-18 00:00:00'),(550,'五角场',28,'2016-02-18 00:00:00'),(551,'江湾体育场',28,'2016-02-18 00:00:00'),(552,'三门路',28,'2016-02-18 00:00:00'),(553,'殷高东路',28,'2016-02-18 00:00:00'),(554,'新江湾城',28,'2016-02-18 00:00:00'),(555,'江苏路',29,'2016-02-18 00:00:00'),(556,'隆德路',29,'2016-02-18 00:00:00'),(557,'曹杨路',29,'2016-02-18 00:00:00'),(558,'枫桥路',29,'2016-02-18 00:00:00'),(559,'真如',29,'2016-02-18 00:00:00'),(560,'上海西站',29,'2016-02-18 00:00:00'),(561,'李子园',29,'2016-02-18 00:00:00'),(562,'祁连山路',29,'2016-02-18 00:00:00'),(563,'武威路',29,'2016-02-18 00:00:00'),(564,'桃浦新村',29,'2016-02-18 00:00:00'),(565,'南翔',29,'2016-02-18 00:00:00'),(566,'马陆',29,'2016-02-18 00:00:00'),(567,'嘉定新城',29,'2016-02-18 00:00:00'),(568,'白银路',29,'2016-02-18 00:00:00'),(569,'嘉定西',29,'2016-02-18 00:00:00'),(570,'嘉定北',29,'2016-02-18 00:00:00'),(571,'江苏路',30,'2016-02-18 00:00:00'),(572,'隆德路',30,'2016-02-18 00:00:00'),(573,'曹杨路',30,'2016-02-18 00:00:00'),(574,'枫桥路',30,'2016-02-18 00:00:00'),(575,'真如',30,'2016-02-18 00:00:00'),(576,'上海西站',30,'2016-02-18 00:00:00'),(577,'李子园',30,'2016-02-18 00:00:00'),(578,'祁连山路',30,'2016-02-18 00:00:00'),(579,'武威路',30,'2016-02-18 00:00:00'),(580,'桃浦新村',30,'2016-02-18 00:00:00'),(581,'南翔',30,'2016-02-18 00:00:00'),(582,'马陆',30,'2016-02-18 00:00:00'),(583,'嘉定新城',30,'2016-02-18 00:00:00'),(584,'上海赛车场',30,'2016-02-18 00:00:00'),(585,'昌吉东路',30,'2016-02-18 00:00:00'),(586,'上海汽车城',30,'2016-02-18 00:00:00'),(587,'安亭',30,'2016-02-18 00:00:00'),(588,'西朗',31,'2016-02-18 00:00:00'),(589,'坑口',31,'2016-02-18 00:00:00'),(590,'花地湾',31,'2016-02-18 00:00:00'),(591,'芳村',31,'2016-02-18 00:00:00'),(592,'黄沙',31,'2016-02-18 00:00:00'),(593,'长寿路',31,'2016-02-18 00:00:00'),(594,'陈家祠',31,'2016-02-18 00:00:00'),(595,'西门口',31,'2016-02-18 00:00:00'),(596,'公园前',31,'2016-02-18 00:00:00'),(597,'农讲所',31,'2016-02-18 00:00:00'),(598,'烈士陵园',31,'2016-02-18 00:00:00'),(599,'东山口',31,'2016-02-18 00:00:00'),(600,'杨箕',31,'2016-02-18 00:00:00'),(601,'体育西路',31,'2016-02-18 00:00:00'),(602,'体育中心',31,'2016-02-18 00:00:00'),(603,'广州东站',31,'2016-02-18 00:00:00'),(604,'广州南站',32,'2016-02-18 00:00:00'),(605,'石壁',32,'2016-02-18 00:00:00'),(606,'会江',32,'2016-02-18 00:00:00'),(607,'南浦',32,'2016-02-18 00:00:00'),(608,'洛溪',32,'2016-02-18 00:00:00'),(609,'南洲',32,'2016-02-18 00:00:00'),(610,'东晓南',32,'2016-02-18 00:00:00'),(611,'江泰路',32,'2016-02-18 00:00:00'),(612,'昌岗',32,'2016-02-18 00:00:00'),(613,'江南西',32,'2016-02-18 00:00:00'),(614,'市二宫',32,'2016-02-18 00:00:00'),(615,'海珠广场',32,'2016-02-18 00:00:00'),(616,'公园前',32,'2016-02-18 00:00:00'),(617,'纪念堂',32,'2016-02-18 00:00:00'),(618,'越秀公园',32,'2016-02-18 00:00:00'),(619,'广州火车站',32,'2016-02-18 00:00:00'),(620,'三元里',32,'2016-02-18 00:00:00'),(621,'飞翔公园',32,'2016-02-18 00:00:00'),(622,'白云公园',32,'2016-02-18 00:00:00'),(623,'白云文化广场',32,'2016-02-18 00:00:00'),(624,'萧岗',32,'2016-02-18 00:00:00'),(625,'江夏',32,'2016-02-18 00:00:00'),(626,'黄边',32,'2016-02-18 00:00:00'),(627,'嘉禾望岗',32,'2016-02-18 00:00:00'),(628,'市桥',33,'2016-02-18 00:00:00'),(629,'番禺广场',33,'2016-02-18 00:00:00'),(630,'汉溪长隆',33,'2016-02-18 00:00:00'),(631,'大石',33,'2016-02-18 00:00:00'),(632,'厦滘',33,'2016-02-18 00:00:00'),(633,'沥滘',33,'2016-02-18 00:00:00'),(634,'大塘',33,'2016-02-18 00:00:00'),(635,'客村',33,'2016-02-18 00:00:00'),(636,'赤岗塔',33,'2016-02-18 00:00:00'),(637,'珠江新城',33,'2016-02-18 00:00:00'),(638,'体育西路',33,'2016-02-18 00:00:00'),(639,'石牌桥',33,'2016-02-18 00:00:00'),(640,'岗顶',33,'2016-02-18 00:00:00'),(641,'华师',33,'2016-02-18 00:00:00'),(642,'五山',33,'2016-02-18 00:00:00'),(643,'天河客运站',33,'2016-02-18 00:00:00'),(644,'机场南',34,'2016-02-18 00:00:00'),(645,'人和',34,'2016-02-18 00:00:00'),(646,'龙归',34,'2016-02-18 00:00:00'),(647,'嘉禾望岗',34,'2016-02-18 00:00:00'),(648,'白云大道北',34,'2016-02-18 00:00:00'),(649,'永泰',34,'2016-02-18 00:00:00'),(650,'同和',34,'2016-02-18 00:00:00'),(651,'京溪南方医院',34,'2016-02-18 00:00:00'),(652,'梅花园',34,'2016-02-18 00:00:00'),(653,'燕塘',34,'2016-02-18 00:00:00'),(654,'广州东站',34,'2016-02-18 00:00:00'),(655,'林和西',34,'2016-02-18 00:00:00'),(656,'体育西路',34,'2016-02-18 00:00:00'),(657,'金洲',35,'2016-02-18 00:00:00'),(658,'蕉门',35,'2016-02-18 00:00:00'),(659,'黄阁',35,'2016-02-18 00:00:00'),(660,'低涌',35,'2016-02-18 00:00:00'),(661,'海傍',35,'2016-02-18 00:00:00'),(662,'石碁',35,'2016-02-18 00:00:00'),(663,'新造',35,'2016-02-18 00:00:00'),(664,'大学城南 ',35,'2016-02-18 00:00:00'),(665,'大学城北 ',35,'2016-02-18 00:00:00'),(666,'官洲',35,'2016-02-18 00:00:00'),(667,'万胜围',35,'2016-02-18 00:00:00'),(668,'车陂南',35,'2016-02-18 00:00:00'),(669,'车陂',35,'2016-02-18 00:00:00'),(670,'黄村',35,'2016-02-18 00:00:00'),(671,'文冲',36,'2016-02-18 00:00:00'),(672,'大沙东',36,'2016-02-18 00:00:00'),(673,'大沙地',36,'2016-02-18 00:00:00'),(674,'鱼珠',36,'2016-02-18 00:00:00'),(675,'三溪',36,'2016-02-18 00:00:00'),(676,'东圃',36,'2016-02-18 00:00:00'),(677,'车陂南',36,'2016-02-18 00:00:00'),(678,'科韵路',36,'2016-02-18 00:00:00'),(679,'员村',36,'2016-02-18 00:00:00'),(680,'潭村',36,'2016-02-18 00:00:00'),(681,'猎德',36,'2016-02-18 00:00:00'),(682,'珠江新城',36,'2016-02-18 00:00:00'),(683,'五羊邨',36,'2016-02-18 00:00:00'),(684,'杨箕',36,'2016-02-18 00:00:00'),(685,'动物园',36,'2016-02-18 00:00:00'),(686,'区庄',36,'2016-02-18 00:00:00'),(687,'淘金',36,'2016-02-18 00:00:00'),(688,'小北',36,'2016-02-18 00:00:00'),(689,'广州火车站',36,'2016-02-18 00:00:00'),(690,'西村',36,'2016-02-18 00:00:00'),(691,'西场',36,'2016-02-18 00:00:00'),(692,'中山八',36,'2016-02-18 00:00:00'),(693,'坦尾',36,'2016-02-18 00:00:00'),(694,'滘口',36,'2016-02-18 00:00:00'),(696,'琶洲',37,'2016-02-18 00:00:00'),(697,'新港东',37,'2016-02-18 00:00:00'),(698,'磨碟沙',37,'2016-02-18 00:00:00'),(699,'赤岗',37,'2016-02-18 00:00:00'),(700,'客村',37,'2016-02-18 00:00:00'),(701,'鹭江',37,'2016-02-18 00:00:00'),(702,'中大1',37,'2016-02-18 00:00:00'),(703,'晓港',37,'2016-02-18 00:00:00'),(704,'昌岗',37,'2016-02-18 00:00:00'),(705,'宝岗大道',37,'2016-02-18 00:00:00'),(706,'沙园',37,'2016-02-18 00:00:00'),(707,'凤凰新村',37,'2016-02-18 00:00:00'),(708,'西朗',38,'2016-02-18 00:00:00'),(709,'菊树1',38,'2016-02-18 00:00:00'),(710,'龙溪',38,'2016-02-18 00:00:00'),(711,'林和西',39,'2016-02-18 00:00:00'),(712,'体育中心南',39,'2016-02-18 00:00:00'),(713,'天河南',39,'2016-02-18 00:00:00'),(714,'黄埔大道',39,'2016-02-18 00:00:00'),(715,'妇儿中心',39,'2016-02-18 00:00:00'),(716,'花城大道',39,'2016-02-18 00:00:00'),(717,'歌剧院',39,'2016-02-18 00:00:00'),(718,'海心沙',39,'2016-02-18 00:00:00'),(719,'赤岗塔',39,'2016-02-18 00:00:00'),(720,'机场东',40,'2016-02-18 00:00:00'),(721,'后瑞',40,'2016-02-18 00:00:00'),(722,'固戍',40,'2016-02-18 00:00:00'),(723,'西乡',40,'2016-02-18 00:00:00'),(724,'坪洲',40,'2016-02-18 00:00:00'),(725,'宝体',40,'2016-02-18 00:00:00'),(726,'宝安中心',40,'2016-02-18 00:00:00'),(727,'新安',40,'2016-02-18 00:00:00'),(728,'前海湾',40,'2016-02-18 00:00:00'),(729,'鲤鱼门',40,'2016-02-18 00:00:00'),(730,'大新',40,'2016-02-18 00:00:00'),(731,'桃园',40,'2016-02-18 00:00:00'),(732,'深大',40,'2016-02-18 00:00:00'),(733,'高新园',40,'2016-02-18 00:00:00'),(734,'白石洲',40,'2016-02-18 00:00:00'),(735,'世界之窗',40,'2016-02-18 00:00:00'),(736,'华侨城',40,'2016-02-18 00:00:00'),(737,'侨城东',40,'2016-02-18 00:00:00'),(738,'竹子林',40,'2016-02-18 00:00:00'),(739,'车公庙',40,'2016-02-18 00:00:00'),(740,'香蜜湖',40,'2016-02-18 00:00:00'),(741,'购物公园',40,'2016-02-18 00:00:00'),(742,'会展中心',40,'2016-02-18 00:00:00'),(743,'岗厦',40,'2016-02-18 00:00:00'),(744,'华强路',40,'2016-02-18 00:00:00'),(745,'科学馆',40,'2016-02-18 00:00:00'),(746,'深圳大剧院',40,'2016-02-18 00:00:00'),(747,'老街',40,'2016-02-18 00:00:00'),(748,'国贸',40,'2016-02-18 00:00:00'),(749,'罗湖',40,'2016-02-18 00:00:00'),(750,'福田口岸',41,'2016-02-18 00:00:00'),(751,'福民',41,'2016-02-18 00:00:00'),(752,'会展中心',41,'2016-02-18 00:00:00'),(753,'市民中心',41,'2016-02-18 00:00:00'),(754,'少年宫',41,'2016-02-18 00:00:00'),(755,'莲花北',41,'2016-02-18 00:00:00'),(756,'上梅林',41,'2016-02-18 00:00:00'),(757,'民乐',41,'2016-02-18 00:00:00'),(758,'白石龙',41,'2016-02-18 00:00:00'),(759,'深圳北',41,'2016-02-18 00:00:00'),(760,'红山',41,'2016-02-18 00:00:00'),(761,'上塘',41,'2016-02-18 00:00:00'),(762,'龙胜',41,'2016-02-18 00:00:00'),(763,'龙华',41,'2016-02-18 00:00:00'),(764,'清湖',41,'2016-02-18 00:00:00'),(765,'赤湾',42,'2016-02-18 00:00:00'),(766,'蛇口港',42,'2016-02-18 00:00:00'),(767,'海上世界',42,'2016-02-18 00:00:00'),(768,'水湾',42,'2016-02-18 00:00:00'),(769,'东角头',42,'2016-02-18 00:00:00'),(770,'湾厦',42,'2016-02-18 00:00:00'),(771,'海月',42,'2016-02-18 00:00:00'),(772,'登良',42,'2016-02-18 00:00:00'),(773,'后海',42,'2016-02-18 00:00:00'),(774,'科苑',42,'2016-02-18 00:00:00'),(775,'红树湾',42,'2016-02-18 00:00:00'),(776,'世界之窗',42,'2016-02-18 00:00:00'),(777,'侨城北',42,'2016-02-18 00:00:00'),(778,'深康',42,'2016-02-18 00:00:00'),(779,'安托山',42,'2016-02-18 00:00:00'),(780,'侨香',42,'2016-02-18 00:00:00'),(781,'香蜜',42,'2016-02-18 00:00:00'),(782,'香梅北',42,'2016-02-18 00:00:00'),(783,'景田',42,'2016-02-18 00:00:00'),(784,'莲花西',42,'2016-02-18 00:00:00'),(785,'福田',42,'2016-02-18 00:00:00'),(786,'市民中心',42,'2016-02-18 00:00:00'),(787,'岗厦北',42,'2016-02-18 00:00:00'),(788,'华强北',42,'2016-02-18 00:00:00'),(789,'燕南',42,'2016-02-18 00:00:00'),(790,'大剧院',42,'2016-02-18 00:00:00'),(791,'湖贝',42,'2016-02-18 00:00:00'),(792,'黄贝岭',42,'2016-02-18 00:00:00'),(793,'新秀',42,'2016-02-18 00:00:00'),(794,'益田',43,'2016-02-18 00:00:00'),(795,'石厦',43,'2016-02-18 00:00:00'),(796,'购物公园',43,'2016-02-18 00:00:00'),(797,'福田',43,'2016-02-18 00:00:00'),(798,'少年宫',43,'2016-02-18 00:00:00'),(799,'莲花村',43,'2016-02-18 00:00:00'),(800,'华新',43,'2016-02-18 00:00:00'),(801,'通新岭',43,'2016-02-18 00:00:00'),(802,'红岭',43,'2016-02-18 00:00:00'),(803,'老街',43,'2016-02-18 00:00:00'),(804,'晒布',43,'2016-02-18 00:00:00'),(805,'翠竹',43,'2016-02-18 00:00:00'),(806,'田贝',43,'2016-02-18 00:00:00'),(807,'水贝',43,'2016-02-18 00:00:00'),(808,'草埔',43,'2016-02-18 00:00:00'),(809,'布吉',43,'2016-02-18 00:00:00'),(810,'木棉湾',43,'2016-02-18 00:00:00'),(811,'大芬',43,'2016-02-18 00:00:00'),(812,'丹竹头',43,'2016-02-18 00:00:00'),(813,'六约',43,'2016-02-18 00:00:00'),(814,'塘坑',43,'2016-02-18 00:00:00'),(815,'横岗',43,'2016-02-18 00:00:00'),(816,'永湖',43,'2016-02-18 00:00:00'),(817,'荷坳',43,'2016-02-18 00:00:00'),(818,'大运',43,'2016-02-18 00:00:00'),(819,'爱联',43,'2016-02-18 00:00:00'),(820,'吉祥',43,'2016-02-18 00:00:00'),(821,'龙城广场',43,'2016-02-18 00:00:00'),(822,'南联',43,'2016-02-18 00:00:00'),(823,'双龙',43,'2016-02-18 00:00:00'),(824,'前海湾',44,'2016-02-18 00:00:00'),(825,'临海',44,'2016-02-18 00:00:00'),(826,'宝华',44,'2016-02-18 00:00:00'),(827,'宝安中心',44,'2016-02-18 00:00:00'),(828,'翻身',44,'2016-02-18 00:00:00'),(829,'灵芝',44,'2016-02-18 00:00:00'),(830,'洪浪北',44,'2016-02-18 00:00:00'),(831,'兴东',44,'2016-02-18 00:00:00'),(832,'留仙洞',44,'2016-02-18 00:00:00'),(833,'西丽',44,'2016-02-18 00:00:00'),(834,'大学城',44,'2016-02-18 00:00:00'),(835,'塘朗',44,'2016-02-18 00:00:00'),(836,'长岭陂',44,'2016-02-18 00:00:00'),(837,'深圳北站',44,'2016-02-18 00:00:00'),(838,'民治',44,'2016-02-18 00:00:00'),(839,'五和',44,'2016-02-18 00:00:00'),(840,'坂田',44,'2016-02-18 00:00:00'),(841,'杨美',44,'2016-02-18 00:00:00'),(842,'上水径',44,'2016-02-18 00:00:00'),(843,'下水径',44,'2016-02-18 00:00:00'),(844,'长龙',44,'2016-02-18 00:00:00'),(845,'布吉',44,'2016-02-18 00:00:00'),(846,'百鸽笼',44,'2016-02-18 00:00:00'),(847,'布心',44,'2016-02-18 00:00:00'),(848,'太安',44,'2016-02-18 00:00:00'),(849,'怡景',44,'2016-02-18 00:00:00'),(850,'黄贝岭',44,'2016-02-18 00:00:00'),(851,'12',39,NULL),(852,'南山区',33,NULL);

/*Table structure for table `line_name` */

DROP TABLE IF EXISTS `line_name`;

CREATE TABLE `line_name` (
  `id` int(11) NOT NULL AUTO_INCREMENT,
  `name` varchar(50) COLLATE utf8_bin DEFAULT NULL,
  `city_id` int(11) DEFAULT NULL,
  `create_time` timestamp NULL DEFAULT CURRENT_TIMESTAMP,
  `status` char(1) COLLATE utf8_bin DEFAULT '0',
  PRIMARY KEY (`id`)
) ENGINE=InnoDB AUTO_INCREMENT=45 DEFAULT CHARSET=utf8 COLLATE=utf8_bin;

/*Data for the table `line_name` */

insert  into `line_name`(`id`,`name`,`city_id`,`create_time`,`status`) values (1,'1号线',1,'2016-02-18 00:00:00','0'),(2,'2号线',1,'2016-02-18 00:00:00','0'),(3,'4号线',1,'2016-02-18 00:00:00','0'),(4,'5号线',1,'2016-02-18 00:00:00','0'),(5,'6号线',1,'2016-02-18 00:00:00','0'),(6,'8号线',1,'2016-02-18 00:00:00','0'),(7,'9号线',1,'2016-02-18 00:00:00','0'),(8,'10号线',1,'2016-02-18 00:00:00','0'),(9,'13号线',1,'2016-02-18 00:00:00','0'),(10,'15号线',1,'2016-02-18 00:00:00','0'),(11,'八通线',1,'2016-02-18 00:00:00','0'),(12,'昌平线',1,'2016-02-18 00:00:00','0'),(13,'机场专线',1,'2016-02-18 00:00:00','0'),(14,'大兴线',1,'2016-02-18 00:00:00','0'),(15,'亦庄线',1,'2016-02-18 00:00:00','0'),(16,'房山线',1,'2016-02-18 00:00:00','0'),(17,'1号线',2,'2016-02-18 00:00:00','0'),(18,'2号线',2,'2016-02-18 00:00:00','0'),(19,'3号线',2,'2016-02-18 00:00:00','0'),(20,'4号线',2,'2016-02-18 00:00:00','0'),(21,'5号线',2,'2016-02-18 00:00:00','0'),(22,'6号线',2,'2016-02-18 00:00:00','0'),(23,'7号线',2,'2016-02-18 00:00:00','0'),(24,'8号线',2,'2016-02-18 00:00:00','0'),(25,'9号线',2,'2016-02-18 00:00:00','0'),(26,'磁悬浮',2,'2016-02-18 00:00:00','0'),(27,'10号线',2,'2016-02-18 00:00:00','0'),(28,'10号线（新江湾城-虹桥火车站）',2,'2016-02-18 00:00:00','0'),(29,'11号线（江苏路—嘉定北）',2,'2016-02-18 00:00:00','0'),(30,'11号线（江苏路—安亭）',2,'2016-02-18 00:00:00','0'),(31,'1号线',2,'2016-02-18 00:00:00','0'),(32,'2号线',3,'2016-02-18 00:00:00','0'),(33,'3号线',3,'2016-02-18 00:00:00','0'),(34,'3号线北延段',3,'2016-02-18 00:00:00','0'),(35,'4号线',3,'2016-02-18 00:00:00','0'),(36,'5号线',3,'2016-02-18 00:00:00','0'),(37,'8号线',3,'2016-02-18 00:00:00','0'),(38,'广佛线',3,'2016-02-18 00:00:00','0'),(39,'APM线',3,'2016-02-18 00:00:00','0'),(41,'龙华线',4,'2016-02-18 00:00:00','0'),(42,'蛇口线',4,'2016-02-18 00:00:00','0'),(43,'龙岗线',4,'2016-02-18 00:00:00','0'),(44,'环中线',4,'2016-02-18 00:00:00','0');

/*Table structure for table `link_room_type` */

DROP TABLE IF EXISTS `link_room_type`;

CREATE TABLE `link_room_type` (
  `id` int(11) DEFAULT NULL,
  `rtypeid` int(11) DEFAULT NULL,
  `roomid` int(11) DEFAULT NULL
) ENGINE=InnoDB DEFAULT CHARSET=utf8 COLLATE=utf8_bin;

/*Data for the table `link_room_type` */

/*Table structure for table `log` */

DROP TABLE IF EXISTS `log`;

CREATE TABLE `log` (
  `ID` int(11) NOT NULL AUTO_INCREMENT,
  `CREATER` varchar(20) COLLATE utf8_bin DEFAULT NULL,
  `CREATE_DATE` datetime DEFAULT NULL,
  `TYPE` int(11) DEFAULT NULL,
  `OS` varchar(20) COLLATE utf8_bin DEFAULT NULL,
  `BROWSER` varchar(20) COLLATE utf8_bin DEFAULT NULL,
  `IP` varchar(20) COLLATE utf8_bin DEFAULT NULL,
  `MAC` varchar(20) COLLATE utf8_bin DEFAULT NULL,
  `EXECUTE_TIME` int(11) DEFAULT NULL,
  `DESCRIPTION` varchar(500) COLLATE utf8_bin DEFAULT NULL,
  `REQUEST_PARAM` varchar(500) COLLATE utf8_bin DEFAULT NULL,
  PRIMARY KEY (`ID`)
) ENGINE=InnoDB AUTO_INCREMENT=3414 DEFAULT CHARSET=utf8 COLLATE=utf8_bin;

/*Data for the table `log` */

insert  into `log`(`ID`,`CREATER`,`CREATE_DATE`,`TYPE`,`OS`,`BROWSER`,`IP`,`MAC`,`EXECUTE_TIME`,`DESCRIPTION`,`REQUEST_PARAM`) values (2457,NULL,'2016-03-21 15:42:57',NULL,'Windows 7','Chrome','120.52.24.16',NULL,NULL,NULL,NULL),(2458,NULL,'2016-03-21 15:44:25',NULL,'Windows 7','Chrome','180.169.84.156',NULL,NULL,NULL,NULL),(2459,NULL,'2016-03-21 15:44:52',NULL,'Windows 7','Chrome','59.46.172.210',NULL,NULL,NULL,NULL),(2460,NULL,'2016-03-21 15:45:04',NULL,'Windows 7','Chrome','117.36.206.7',NULL,NULL,NULL,NULL),(2461,NULL,'2016-03-21 15:50:39',NULL,'Windows 7','Chrome','120.52.24.16',NULL,NULL,NULL,NULL),(2462,NULL,'2016-03-21 15:52:17',NULL,'Windows 7','Chrome','59.46.172.210',NULL,NULL,NULL,NULL),(2463,NULL,'2016-03-21 15:52:18',NULL,'Windows 7','Chrome','117.36.206.7',NULL,NULL,NULL,NULL),(2464,NULL,'2016-03-21 15:53:28',NULL,'Windows 7','Chrome','123.117.29.110',NULL,NULL,NULL,NULL),(2465,NULL,'2016-03-21 15:56:29',NULL,'Windows 7','Chrome','120.52.24.16',NULL,NULL,NULL,NULL),(2466,NULL,'2016-03-21 15:57:25',NULL,'Windows 7','Chrome','120.52.24.16',NULL,NULL,NULL,NULL),(2467,NULL,'2016-03-21 15:58:47',NULL,'Windows 7','Chrome','183.62.60.90',NULL,NULL,NULL,NULL),(2468,NULL,'2016-03-21 15:59:27',NULL,'Windows 7','Firefox 4','183.62.60.90',NULL,NULL,NULL,NULL),(2469,NULL,'2016-03-21 16:02:11',NULL,'Windows 7','Chrome','120.52.24.16',NULL,NULL,NULL,NULL),(2470,NULL,'2016-03-21 16:03:15',NULL,'Windows 7','Chrome','120.52.24.16',NULL,NULL,NULL,NULL),(2471,NULL,'2016-03-21 16:03:40',NULL,'Windows 7','Chrome','120.52.24.16',NULL,NULL,NULL,NULL),(2472,NULL,'2016-03-21 16:09:04',NULL,'Windows','Chrome','27.115.58.226',NULL,NULL,NULL,NULL),(2473,NULL,'2016-03-21 16:10:16',NULL,'Windows 7','Chrome','59.46.172.210',NULL,NULL,NULL,NULL),(2474,NULL,'2016-03-21 16:12:17',NULL,'Windows 7','Chrome','120.52.24.16',NULL,NULL,NULL,NULL),(2475,NULL,'2016-03-21 16:13:14',NULL,'Windows 7','Chrome','182.100.43.44',NULL,NULL,NULL,NULL),(2476,NULL,'2016-03-21 16:13:31',NULL,'Windows 7','Chrome','120.52.24.16',NULL,NULL,NULL,NULL),(2477,NULL,'2016-03-21 16:19:20',NULL,'Windows 7','Chrome','180.169.84.156',NULL,NULL,NULL,NULL),(2478,NULL,'2016-03-21 16:19:23',NULL,'Windows 7','Chrome','222.85.139.101',NULL,NULL,NULL,NULL),(2479,NULL,'2016-03-21 16:20:07',NULL,'Windows 7','Chrome','222.85.139.101',NULL,NULL,NULL,NULL),(2480,NULL,'2016-03-21 16:24:36',NULL,'Windows 7','Chrome','113.91.164.42',NULL,NULL,NULL,NULL),(2481,NULL,'2016-03-21 16:25:19',NULL,'Windows 7','Chrome','113.91.164.42',NULL,NULL,NULL,NULL),(2482,NULL,'2016-03-21 16:26:00',NULL,'Windows 7','Chrome','120.52.24.16',NULL,NULL,NULL,NULL),(2483,NULL,'2016-03-21 16:28:16',NULL,'Windows 7','Chrome','210.32.120.100',NULL,NULL,NULL,NULL),(2484,NULL,'2016-03-21 16:29:16',NULL,'Windows 7','Chrome','120.52.24.16',NULL,NULL,NULL,NULL),(2485,NULL,'2016-03-21 16:35:10',NULL,'Windows 7','Chrome','120.52.24.16',NULL,NULL,NULL,NULL),(2486,NULL,'2016-03-21 16:36:34',NULL,'Windows 7','Chrome','113.110.182.1',NULL,NULL,NULL,NULL),(2487,NULL,'2016-03-21 16:36:48',NULL,'Windows 7','Chrome','219.142.62.106',NULL,NULL,NULL,NULL),(2488,NULL,'2016-03-21 16:36:54',NULL,'Windows 7','Chrome','120.52.24.16',NULL,NULL,NULL,NULL),(2489,NULL,'2016-03-21 16:37:37',NULL,'Windows 7','Chrome','120.52.24.16',NULL,NULL,NULL,NULL),(2490,NULL,'2016-03-21 16:37:58',NULL,'Windows 7','Chrome','61.50.120.26',NULL,NULL,NULL,NULL),(2491,NULL,'2016-03-21 16:38:24',NULL,'Windows 7','Chrome','39.187.53.31',NULL,NULL,NULL,NULL),(2492,NULL,'2016-03-21 16:38:36',NULL,'Windows 7','Chrome','120.52.24.16',NULL,NULL,NULL,NULL),(2493,NULL,'2016-03-21 16:38:40',NULL,'Windows Vista','Chrome','202.101.166.66',NULL,NULL,NULL,NULL),(2494,NULL,'2016-03-21 16:38:47',NULL,'Windows 7','Firefox 4','121.33.201.126',NULL,NULL,NULL,NULL),(2495,NULL,'2016-03-21 16:38:56',NULL,'Windows','Chrome','111.206.87.61',NULL,NULL,NULL,NULL),(2496,NULL,'2016-03-21 16:38:58',NULL,'Windows Vista','Chrome','202.101.166.66',NULL,NULL,NULL,NULL),(2497,NULL,'2016-03-21 16:39:24',NULL,'Windows Vista','Chrome','202.101.166.66',NULL,NULL,NULL,NULL),(2498,NULL,'2016-03-21 16:39:27',NULL,'Windows 7','Mozilla','123.233.245.251',NULL,NULL,NULL,NULL),(2499,NULL,'2016-03-21 16:39:29',NULL,'Windows 8','Chrome','36.110.1.66',NULL,NULL,NULL,NULL),(2500,NULL,'2016-03-21 16:39:40',NULL,'Android 4.x','Mobile Safari','172.28.114.225',NULL,NULL,NULL,NULL),(2501,NULL,'2016-03-21 16:39:49',NULL,'Windows XP','Chrome','58.59.204.110',NULL,NULL,NULL,NULL),(2502,NULL,'2016-03-21 16:39:59',NULL,'Windows 7','Mozilla','119.123.136.92',NULL,NULL,NULL,NULL),(2503,NULL,'2016-03-21 16:40:09',NULL,'Windows 7','Mozilla','123.233.245.251',NULL,NULL,NULL,NULL),(2504,NULL,'2016-03-21 16:40:14',NULL,'Windows 7','Mozilla','123.233.245.251',NULL,NULL,NULL,NULL),(2505,NULL,'2016-03-21 16:40:16',NULL,'Windows 7','Mozilla','119.123.136.92',NULL,NULL,NULL,NULL),(2506,NULL,'2016-03-21 16:40:30',NULL,'Windows','Chrome','113.128.150.143',NULL,NULL,NULL,NULL),(2507,NULL,'2016-03-21 16:40:42',NULL,'Windows 7','Chrome','60.191.114.2',NULL,NULL,NULL,NULL),(2508,NULL,'2016-03-21 16:40:54',NULL,'Windows 7','Chrome','119.162.165.7',NULL,NULL,NULL,NULL),(2509,NULL,'2016-03-21 16:40:59',NULL,'Windows 7','Chrome','120.52.24.16',NULL,NULL,NULL,NULL),(2510,NULL,'2016-03-21 16:41:13',NULL,'Windows','Chrome','222.186.209.177',NULL,NULL,NULL,NULL),(2511,NULL,'2016-03-21 16:41:21',NULL,'Windows 7','Chrome','210.32.120.100',NULL,NULL,NULL,NULL),(2512,NULL,'2016-03-21 16:41:26',NULL,'Windows','Chrome','113.128.107.61',NULL,NULL,NULL,NULL),(2513,NULL,'2016-03-21 16:42:11',NULL,'Windows','Firefox 4','123.233.121.74',NULL,NULL,NULL,NULL),(2514,NULL,'2016-03-21 16:42:21',NULL,'Windows 7','Firefox 4','119.85.113.194',NULL,NULL,NULL,NULL),(2515,NULL,'2016-03-21 16:42:27',NULL,'Windows 7','Firefox 4','121.33.201.126',NULL,NULL,NULL,NULL),(2516,NULL,'2016-03-21 16:42:32',NULL,'Windows 7','Firefox 4','121.33.201.126',NULL,NULL,NULL,NULL),(2517,NULL,'2016-03-21 16:42:38',NULL,'Windows 7','Chrome','210.32.120.100',NULL,NULL,NULL,NULL),(2518,NULL,'2016-03-21 16:42:39',NULL,'Windows 7','Internet Explorer 10','113.128.107.61',NULL,NULL,NULL,NULL),(2519,NULL,'2016-03-21 16:43:06',NULL,'Windows 7','Chrome','120.52.24.16',NULL,NULL,NULL,NULL),(2520,NULL,'2016-03-21 16:43:18',NULL,'Windows 7','Mozilla','115.236.69.237',NULL,NULL,NULL,NULL),(2521,NULL,'2016-03-21 16:43:21',NULL,'Windows 7','Chrome','101.95.186.150',NULL,NULL,NULL,NULL),(2522,NULL,'2016-03-21 16:43:34',NULL,'Windows 7','Firefox 4','113.128.107.61',NULL,NULL,NULL,NULL),(2523,NULL,'2016-03-21 16:43:43',NULL,'Windows','Chrome','113.128.107.61',NULL,NULL,NULL,NULL),(2524,NULL,'2016-03-21 16:43:48',NULL,'Windows 7','Chrome','119.164.10.14',NULL,NULL,NULL,NULL),(2525,NULL,'2016-03-21 16:43:56',NULL,'Windows 7','Chrome','171.117.52.114',NULL,NULL,NULL,NULL),(2526,NULL,'2016-03-21 16:43:56',NULL,'Windows 7','Chrome','113.128.107.61',NULL,NULL,NULL,NULL),(2527,NULL,'2016-03-21 16:44:24',NULL,'Windows Vista','Chrome','120.196.217.116',NULL,NULL,NULL,NULL),(2528,NULL,'2016-03-21 16:44:41',NULL,'Windows 7','Mozilla','119.39.102.44',NULL,NULL,NULL,NULL),(2529,NULL,'2016-03-21 16:45:58',NULL,'Windows','Chrome','125.39.112.9',NULL,NULL,NULL,NULL),(2530,NULL,'2016-03-21 16:46:13',NULL,'Windows 7','Internet Explorer 8','27.211.235.12',NULL,NULL,NULL,NULL),(2531,NULL,'2016-03-21 16:46:32',NULL,'Windows 7','Chrome','120.52.24.16',NULL,NULL,NULL,NULL),(2532,NULL,'2016-03-21 16:47:13',NULL,'Windows 7','Chrome','120.52.24.16',NULL,NULL,NULL,NULL),(2533,NULL,'2016-03-21 16:47:23',NULL,'Windows Vista','Chrome','120.196.217.116',NULL,NULL,NULL,NULL),(2534,NULL,'2016-03-21 16:47:44',NULL,'Windows 7','Chrome','58.56.76.210',NULL,NULL,NULL,NULL),(2535,NULL,'2016-03-21 16:48:09',NULL,'Windows 7','Chrome','222.35.39.202',NULL,NULL,NULL,NULL),(2536,NULL,'2016-03-21 16:48:21',NULL,'Windows Vista','Chrome','120.196.217.116',NULL,NULL,NULL,NULL),(2537,NULL,'2016-03-21 16:48:40',NULL,'Windows 7','Chrome','58.56.76.210',NULL,NULL,NULL,NULL),(2538,NULL,'2016-03-21 16:48:49',NULL,'Windows 7','Chrome','113.128.107.61',NULL,NULL,NULL,NULL),(2539,NULL,'2016-03-21 16:49:05',NULL,'Windows 7','Internet Explorer 10','113.128.107.61',NULL,NULL,NULL,NULL),(2540,NULL,'2016-03-21 16:49:50',NULL,'Windows 7','Chrome','113.128.107.61',NULL,NULL,NULL,NULL),(2541,NULL,'2016-03-21 16:49:55',NULL,'Windows 7','Chrome','120.52.24.16',NULL,NULL,NULL,NULL),(2542,NULL,'2016-03-21 16:49:55',NULL,'Windows 7','Chrome','183.233.148.123',NULL,NULL,NULL,NULL),(2543,NULL,'2016-03-21 16:50:13',NULL,'Windows 7','Firefox 4','122.96.25.234',NULL,NULL,NULL,NULL),(2544,NULL,'2016-03-21 16:50:37',NULL,'Windows','Chrome','61.130.8.3',NULL,NULL,NULL,NULL),(2545,NULL,'2016-03-21 16:50:54',NULL,'Windows 7','Chrome','36.110.119.49',NULL,NULL,NULL,NULL),(2546,NULL,'2016-03-21 16:51:18',NULL,'Windows 7','Firefox 4','122.96.25.234',NULL,NULL,NULL,NULL),(2547,NULL,'2016-03-21 16:51:19',NULL,'Windows Vista','Chrome','120.196.217.116',NULL,NULL,NULL,NULL),(2548,NULL,'2016-03-21 16:52:49',NULL,'Windows','Chrome','61.130.8.3',NULL,NULL,NULL,NULL),(2549,NULL,'2016-03-21 16:53:20',NULL,'Windows 7','Mozilla','123.233.121.78',NULL,NULL,NULL,NULL),(2550,NULL,'2016-03-21 16:53:30',NULL,'Windows 7','Chrome','58.251.146.214',NULL,NULL,NULL,NULL),(2551,NULL,'2016-03-21 16:54:19',NULL,'Windows 7','Chrome','60.247.90.50',NULL,NULL,NULL,NULL),(2552,NULL,'2016-03-21 16:55:45',NULL,'Windows 7','Chrome','210.32.120.100',NULL,NULL,NULL,NULL),(2553,NULL,'2016-03-21 16:56:03',NULL,'Android','Mobile Safari','221.207.36.3',NULL,NULL,NULL,NULL),(2554,NULL,'2016-03-21 16:57:24',NULL,'Windows 7','Firefox 4','211.103.230.162',NULL,NULL,NULL,NULL),(2555,NULL,'2016-03-21 16:58:41',NULL,'Android','Chrome','218.58.70.250',NULL,NULL,NULL,NULL),(2556,NULL,'2016-03-21 16:59:07',NULL,'Android','Chrome','218.58.70.250',NULL,NULL,NULL,NULL),(2557,NULL,'2016-03-21 16:59:16',NULL,'Android','Chrome','218.58.70.250',NULL,NULL,NULL,NULL),(2558,NULL,'2016-03-21 16:59:25',NULL,'Android 4.x','Mobile Safari','113.129.177.4',NULL,NULL,NULL,NULL),(2559,NULL,'2016-03-21 16:59:29',NULL,'Windows 7','Chrome','36.110.119.49',NULL,NULL,NULL,NULL),(2560,NULL,'2016-03-21 16:59:40',NULL,'Windows 7','Chrome','123.232.20.158',NULL,NULL,NULL,NULL),(2561,NULL,'2016-03-21 16:59:41',NULL,'Windows Vista','Chrome','112.53.82.61',NULL,NULL,NULL,NULL),(2562,NULL,'2016-03-21 16:59:45',NULL,'Windows 7','Chrome','222.43.227.116',NULL,NULL,NULL,NULL),(2563,NULL,'2016-03-21 17:00:24',NULL,'Windows 7','Chrome','119.164.9.125',NULL,NULL,NULL,NULL),(2564,NULL,'2016-03-21 17:01:04',NULL,'Windows 7','Chrome','113.98.59.161',NULL,NULL,NULL,NULL),(2565,NULL,'2016-03-21 17:01:05',NULL,'Windows 7','Chrome','120.52.24.16',NULL,NULL,NULL,NULL),(2566,NULL,'2016-03-21 17:02:20',NULL,'Mac OS X','Chrome','113.128.114.120',NULL,NULL,NULL,NULL),(2567,NULL,'2016-03-21 17:03:18',NULL,'Mac OS X','Chrome','113.128.114.120',NULL,NULL,NULL,NULL),(2568,NULL,'2016-03-21 17:05:15',NULL,'Mac OS X (iPhone)','Apple WebKit','117.136.79.138',NULL,NULL,NULL,NULL),(2569,NULL,'2016-03-21 17:06:22',NULL,'Windows','Firefox 4','123.233.121.74',NULL,NULL,NULL,NULL),(2570,NULL,'2016-03-21 17:07:46',NULL,'Mac OS X','Chrome','58.58.179.40',NULL,NULL,NULL,NULL),(2571,NULL,'2016-03-21 17:08:59',NULL,'Windows 7','Chrome','39.71.45.150',NULL,NULL,NULL,NULL),(2572,NULL,'2016-03-21 17:09:27',NULL,'Windows 8','Chrome','218.75.16.114',NULL,NULL,NULL,NULL),(2573,NULL,'2016-03-21 17:09:34',NULL,'Windows 7','Chrome','58.251.146.214',NULL,NULL,NULL,NULL),(2574,NULL,'2016-03-21 17:09:45',NULL,'Windows 7','Chrome','120.52.24.16',NULL,NULL,NULL,NULL),(2575,NULL,'2016-03-21 17:10:51',NULL,'Windows 7','Chrome','120.52.24.16',NULL,NULL,NULL,NULL),(2576,NULL,'2016-03-21 17:11:44',NULL,'Windows 7','Chrome','120.52.24.16',NULL,NULL,NULL,NULL),(2577,NULL,'2016-03-21 17:11:51',NULL,'Windows 7','Chrome','219.232.114.131',NULL,NULL,NULL,NULL),(2578,NULL,'2016-03-21 17:15:30',NULL,'Windows 7','Chrome','113.248.151.139',NULL,NULL,NULL,NULL),(2579,NULL,'2016-03-21 17:16:02',NULL,'Windows 7','Chrome','120.52.24.16',NULL,NULL,NULL,NULL),(2580,NULL,'2016-03-21 17:21:23',NULL,'Windows','Chrome','61.130.8.3',NULL,NULL,NULL,NULL),(2581,NULL,'2016-03-21 17:21:24',NULL,'Windows','Chrome','61.130.8.3',NULL,NULL,NULL,NULL),(2582,NULL,'2016-03-21 17:21:25',NULL,'Windows','Chrome','61.130.8.3',NULL,NULL,NULL,NULL),(2583,NULL,'2016-03-21 17:21:26',NULL,'Windows','Chrome','61.130.8.3',NULL,NULL,NULL,NULL),(2584,NULL,'2016-03-21 17:21:26',NULL,'Windows','Chrome','61.130.8.3',NULL,NULL,NULL,NULL),(2585,NULL,'2016-03-21 17:21:26',NULL,'Windows','Chrome','61.130.8.3',NULL,NULL,NULL,NULL),(2586,NULL,'2016-03-21 17:21:27',NULL,'Windows','Chrome','61.130.8.3',NULL,NULL,NULL,NULL),(2587,NULL,'2016-03-21 17:21:27',NULL,'Windows','Chrome','61.130.8.3',NULL,NULL,NULL,NULL),(2588,NULL,'2016-03-21 17:21:28',NULL,'Windows','Chrome','61.130.8.3',NULL,NULL,NULL,NULL),(2589,NULL,'2016-03-21 17:21:28',NULL,'Windows','Chrome','61.130.8.3',NULL,NULL,NULL,NULL),(2590,NULL,'2016-03-21 17:21:29',NULL,'Windows','Chrome','61.130.8.3',NULL,NULL,NULL,NULL),(2591,NULL,'2016-03-21 17:21:29',NULL,'Windows','Chrome','61.130.8.3',NULL,NULL,NULL,NULL),(2592,NULL,'2016-03-21 17:21:30',NULL,'Windows','Chrome','61.130.8.3',NULL,NULL,NULL,NULL),(2593,NULL,'2016-03-21 17:21:32',NULL,'Windows','Chrome','61.130.8.3',NULL,NULL,NULL,NULL),(2594,NULL,'2016-03-21 17:21:32',NULL,'Windows','Chrome','61.130.8.3',NULL,NULL,NULL,NULL),(2595,NULL,'2016-03-21 17:21:33',NULL,'Windows','Chrome','61.130.8.3',NULL,NULL,NULL,NULL),(2596,NULL,'2016-03-21 17:21:33',NULL,'Windows','Chrome','61.130.8.3',NULL,NULL,NULL,NULL),(2597,NULL,'2016-03-21 17:22:06',NULL,'Windows','Chrome','61.130.8.3',NULL,NULL,NULL,NULL),(2598,NULL,'2016-03-21 17:22:06',NULL,'Windows','Chrome','61.130.8.3',NULL,NULL,NULL,NULL),(2599,NULL,'2016-03-21 17:22:07',NULL,'Windows','Chrome','61.130.8.3',NULL,NULL,NULL,NULL),(2600,NULL,'2016-03-21 17:22:07',NULL,'Windows','Chrome','61.130.8.3',NULL,NULL,NULL,NULL),(2601,NULL,'2016-03-21 17:22:21',NULL,'Windows','Firefox 4','123.233.121.74',NULL,NULL,NULL,NULL),(2602,NULL,'2016-03-21 17:22:24',NULL,'Windows','Chrome','61.130.8.3',NULL,NULL,NULL,NULL),(2603,NULL,'2016-03-21 17:22:24',NULL,'Windows','Chrome','61.130.8.3',NULL,NULL,NULL,NULL),(2604,NULL,'2016-03-21 17:22:25',NULL,'Windows','Chrome','61.130.8.3',NULL,NULL,NULL,NULL),(2605,NULL,'2016-03-21 17:22:48',NULL,'Windows Vista','Firefox 4','111.202.4.235',NULL,NULL,NULL,NULL),(2606,NULL,'2016-03-21 17:23:03',NULL,'Windows','Chrome','119.162.165.7',NULL,NULL,NULL,NULL),(2607,NULL,'2016-03-21 17:23:12',NULL,'Windows 7','Chrome','124.128.62.162',NULL,NULL,NULL,NULL),(2608,NULL,'2016-03-21 17:23:18',NULL,'Windows','Chrome','61.130.8.3',NULL,NULL,NULL,NULL),(2609,NULL,'2016-03-21 17:23:18',NULL,'Windows','Chrome','61.130.8.3',NULL,NULL,NULL,NULL),(2610,NULL,'2016-03-21 17:23:18',NULL,'Windows','Chrome','61.130.8.3',NULL,NULL,NULL,NULL),(2611,NULL,'2016-03-21 17:23:18',NULL,'Windows','Chrome','61.130.8.3',NULL,NULL,NULL,NULL),(2612,NULL,'2016-03-21 17:23:18',NULL,'Windows','Chrome','61.130.8.3',NULL,NULL,NULL,NULL),(2613,NULL,'2016-03-21 17:23:19',NULL,'Windows','Chrome','61.130.8.3',NULL,NULL,NULL,NULL),(2614,NULL,'2016-03-21 17:23:47',NULL,'Windows','Chrome','61.130.8.3',NULL,NULL,NULL,NULL),(2615,NULL,'2016-03-21 17:23:48',NULL,'Windows','Chrome','61.130.8.3',NULL,NULL,NULL,NULL),(2616,NULL,'2016-03-21 17:23:48',NULL,'Windows 7','Chrome','120.52.24.16',NULL,NULL,NULL,NULL),(2617,NULL,'2016-03-21 17:23:49',NULL,'Windows','Chrome','61.130.8.3',NULL,NULL,NULL,NULL),(2618,NULL,'2016-03-21 17:23:50',NULL,'Windows','Chrome','61.130.8.3',NULL,NULL,NULL,NULL),(2619,NULL,'2016-03-21 17:23:50',NULL,'Windows','Chrome','61.130.8.3',NULL,NULL,NULL,NULL),(2620,NULL,'2016-03-21 17:23:51',NULL,'Windows','Chrome','61.130.8.3',NULL,NULL,NULL,NULL),(2621,NULL,'2016-03-21 17:23:51',NULL,'Windows','Chrome','61.130.8.3',NULL,NULL,NULL,NULL),(2622,NULL,'2016-03-21 17:23:57',NULL,'Windows','Firefox 4','123.233.121.74',NULL,NULL,NULL,NULL),(2623,NULL,'2016-03-21 17:24:07',NULL,'Windows 7','Chrome','218.205.147.2',NULL,NULL,NULL,NULL),(2624,NULL,'2016-03-21 17:24:49',NULL,'Windows 7','Chrome','119.130.71.100',NULL,NULL,NULL,NULL),(2625,NULL,'2016-03-21 17:25:16',NULL,'Windows 7','Chrome','120.52.24.16',NULL,NULL,NULL,NULL),(2626,NULL,'2016-03-21 17:29:52',NULL,'Windows 7','Chrome','120.52.24.16',NULL,NULL,NULL,NULL),(2627,NULL,'2016-03-21 17:32:15',NULL,'Windows 7','Chrome','39.91.31.56',NULL,NULL,NULL,NULL),(2628,NULL,'2016-03-21 17:33:17',NULL,'Windows 7','Chrome','120.52.24.16',NULL,NULL,NULL,NULL),(2629,NULL,'2016-03-21 17:39:09',NULL,'Windows XP','Chrome','124.133.229.106',NULL,NULL,NULL,NULL),(2630,NULL,'2016-03-21 17:43:52',NULL,'Windows 7','Chrome','120.52.24.16',NULL,NULL,NULL,NULL),(2631,NULL,'2016-03-21 17:55:14',NULL,'Windows 7','Chrome','123.116.140.27',NULL,NULL,NULL,NULL),(2632,NULL,'2016-03-21 17:55:16',NULL,'Windows 7','Chrome','221.219.105.222',NULL,NULL,NULL,NULL),(2633,NULL,'2016-03-21 17:56:07',NULL,'Windows 7','Chrome','122.224.216.162',NULL,NULL,NULL,NULL),(2634,NULL,'2016-03-21 17:57:10',NULL,'Windows 7','Chrome','221.219.105.222',NULL,NULL,NULL,NULL),(2635,NULL,'2016-03-21 18:02:42',NULL,'Windows 7','Chrome','120.52.24.16',NULL,NULL,NULL,NULL),(2636,NULL,'2016-03-21 18:08:01',NULL,'Windows Vista','Chrome','218.98.37.113',NULL,NULL,NULL,NULL),(2637,NULL,'2016-03-21 18:13:23',NULL,'Windows 7','Chrome','120.52.24.16',NULL,NULL,NULL,NULL),(2638,NULL,'2016-03-21 18:18:32',NULL,'Windows 7','Chrome','120.52.24.16',NULL,NULL,NULL,NULL),(2639,NULL,'2016-03-21 18:19:50',NULL,'Windows 7','Chrome','219.232.114.131',NULL,NULL,NULL,NULL),(2640,NULL,'2016-03-21 18:21:38',NULL,'Windows 7','Chrome','120.52.24.16',NULL,NULL,NULL,NULL),(2641,NULL,'2016-03-21 18:25:02',NULL,'Windows 7','Chrome','120.52.24.16',NULL,NULL,NULL,NULL),(2642,NULL,'2016-03-21 18:27:11',NULL,'Windows 7','Chrome','120.52.24.16',NULL,NULL,NULL,NULL),(2643,NULL,'2016-03-21 18:32:11',NULL,'Windows 7','Chrome','120.52.24.16',NULL,NULL,NULL,NULL),(2644,NULL,'2016-03-21 18:45:57',NULL,'Windows 7','Chrome','223.215.57.86',NULL,NULL,NULL,NULL),(2645,NULL,'2016-03-21 18:59:38',NULL,'Windows 7','Chrome','223.215.57.86',NULL,NULL,NULL,NULL),(2646,NULL,'2016-03-21 19:25:30',NULL,'Mac OS X (iPhone)','Apple WebKit','113.5.2.40',NULL,NULL,NULL,NULL),(2647,NULL,'2016-03-21 19:38:28',NULL,'Mac OS X (iPhone)','Apple WebKit','117.114.129.167',NULL,NULL,NULL,NULL),(2648,NULL,'2016-03-21 19:39:40',NULL,'Mac OS X (iPhone)','Apple WebKit','117.114.129.167',NULL,NULL,NULL,NULL),(2649,NULL,'2016-03-21 20:49:03',NULL,'Android 4.x','Mobile Safari','117.136.39.201',NULL,NULL,NULL,NULL),(2650,NULL,'2016-03-21 21:10:06',NULL,'Windows 7','Firefox 4','111.0.231.202',NULL,NULL,NULL,NULL),(2651,NULL,'2016-03-21 21:13:49',NULL,'Windows 7','Firefox 4','111.0.231.202',NULL,NULL,NULL,NULL),(2652,NULL,'2016-03-21 22:33:36',NULL,'Windows 7','Chrome','114.249.236.52',NULL,NULL,NULL,NULL),(2653,NULL,'2016-03-21 22:42:24',NULL,'Android','Mobile Safari','118.186.207.218',NULL,NULL,NULL,NULL),(2654,NULL,'2016-03-22 08:35:40',NULL,'Windows 7','Chrome','222.217.234.7',NULL,NULL,NULL,NULL),(2655,NULL,'2016-03-22 09:17:46',NULL,'Windows','Chrome','61.130.8.3',NULL,NULL,NULL,NULL),(2656,NULL,'2016-03-22 09:17:49',NULL,'Windows','Chrome','61.130.8.3',NULL,NULL,NULL,NULL),(2657,NULL,'2016-03-22 09:17:49',NULL,'Windows','Chrome','61.130.8.3',NULL,NULL,NULL,NULL),(2658,NULL,'2016-03-22 09:18:45',NULL,'Windows 7','Chrome','120.52.24.16',NULL,NULL,NULL,NULL),(2659,NULL,'2016-03-22 09:23:37',NULL,'Windows 7','Chrome','1.202.237.242',NULL,NULL,NULL,NULL),(2660,NULL,'2016-03-22 09:23:38',NULL,'Windows 7','Firefox 4','60.208.139.35',NULL,NULL,NULL,NULL),(2661,NULL,'2016-03-22 09:23:41',NULL,'Windows 7','Chrome','219.142.62.106',NULL,NULL,NULL,NULL),(2662,NULL,'2016-03-22 09:24:18',NULL,'Windows 7','Chrome','58.56.27.43',NULL,NULL,NULL,NULL),(2663,NULL,'2016-03-22 09:24:39',NULL,'Windows 7','Internet Explorer 8','202.109.191.130',NULL,NULL,NULL,NULL),(2664,NULL,'2016-03-22 09:25:10',NULL,'Windows 7','Chrome','202.109.191.130',NULL,NULL,NULL,NULL),(2665,NULL,'2016-03-22 09:25:40',NULL,'Windows 7','Chrome','120.32.126.98',NULL,NULL,NULL,NULL),(2666,NULL,'2016-03-22 09:25:44',NULL,'Windows 7','Chrome','124.128.62.162',NULL,NULL,NULL,NULL),(2667,NULL,'2016-03-22 09:26:08',NULL,'Windows 7','Chrome','123.232.99.10',NULL,NULL,NULL,NULL),(2668,NULL,'2016-03-22 09:26:43',NULL,'Windows 7','Chrome','106.2.216.74',NULL,NULL,NULL,NULL),(2669,NULL,'2016-03-22 09:27:38',NULL,'Windows 7','Firefox 4','219.147.28.186',NULL,NULL,NULL,NULL),(2670,NULL,'2016-03-22 09:27:57',NULL,'Windows 7','Firefox 4','182.96.106.234',NULL,NULL,NULL,NULL),(2671,NULL,'2016-03-22 09:28:02',NULL,'Windows 7','Chrome','58.56.27.43',NULL,NULL,NULL,NULL),(2672,NULL,'2016-03-22 09:29:48',NULL,'Windows 7','Chrome','219.141.246.101',NULL,NULL,NULL,NULL),(2673,NULL,'2016-03-22 09:32:22',NULL,'Windows 7','Chrome','219.141.246.101',NULL,NULL,NULL,NULL),(2674,NULL,'2016-03-22 09:32:38',NULL,'Windows 7','Chrome','124.128.57.126',NULL,NULL,NULL,NULL),(2675,NULL,'2016-03-22 09:33:53',NULL,'Windows 7','Chrome','124.128.85.130',NULL,NULL,NULL,NULL),(2676,NULL,'2016-03-22 09:34:24',NULL,'Windows 7','Chrome','120.52.24.16',NULL,NULL,NULL,NULL),(2677,NULL,'2016-03-22 09:37:53',NULL,'Windows 7','Chrome','180.169.84.156',NULL,NULL,NULL,NULL),(2678,NULL,'2016-03-22 09:38:06',NULL,'Windows 7','Firefox 4','60.190.230.35',NULL,NULL,NULL,NULL),(2679,NULL,'2016-03-22 09:39:04',NULL,'Windows','Chrome','58.211.125.50',NULL,NULL,NULL,NULL),(2680,NULL,'2016-03-22 09:40:10',NULL,'Windows','Chrome','58.211.125.50',NULL,NULL,NULL,NULL),(2681,NULL,'2016-03-22 09:40:12',NULL,'Windows 7','Chrome','27.211.179.120',NULL,NULL,NULL,NULL),(2682,NULL,'2016-03-22 09:40:21',NULL,'Android 4.x','Mobile Safari','58.17.121.222',NULL,NULL,NULL,NULL),(2683,NULL,'2016-03-22 09:41:54',NULL,'Windows','Firefox 4','124.128.97.146',NULL,NULL,NULL,NULL),(2684,NULL,'2016-03-22 09:45:08',NULL,'Windows Vista','Chrome','223.99.3.82',NULL,NULL,NULL,NULL),(2685,NULL,'2016-03-22 09:47:16',NULL,'Windows 7','Chrome','222.173.11.110',NULL,NULL,NULL,NULL),(2686,NULL,'2016-03-22 09:48:21',NULL,'Windows','Chrome','123.232.100.5',NULL,NULL,NULL,NULL),(2687,NULL,'2016-03-22 09:48:51',NULL,'Windows 7','Chrome','124.126.204.157',NULL,NULL,NULL,NULL),(2688,NULL,'2016-03-22 09:54:04',NULL,'Windows 7','Chrome','60.216.102.85',NULL,NULL,NULL,NULL),(2689,NULL,'2016-03-22 09:56:04',NULL,'Android 4.x','Mobile Safari','112.224.19.180',NULL,NULL,NULL,NULL),(2690,NULL,'2016-03-22 09:57:09',NULL,'Android 4.x','Mobile Safari','112.224.19.180',NULL,NULL,NULL,NULL),(2691,NULL,'2016-03-22 09:59:08',NULL,'Windows 7','Chrome 21','116.25.19.217',NULL,NULL,NULL,NULL),(2692,NULL,'2016-03-22 10:03:35',NULL,'Windows 7','Chrome','116.7.245.182',NULL,NULL,NULL,NULL),(2693,NULL,'2016-03-22 10:04:03',NULL,'Windows 7','Chrome','121.79.128.98',NULL,NULL,NULL,NULL),(2694,NULL,'2016-03-22 10:04:30',NULL,'Windows 7','Chrome','183.13.240.74',NULL,NULL,NULL,NULL),(2695,NULL,'2016-03-22 10:09:27',NULL,'Windows 7','Chrome','106.2.165.186',NULL,NULL,NULL,NULL),(2696,NULL,'2016-03-22 10:13:07',NULL,'Windows 7','Chrome','14.18.253.11',NULL,NULL,NULL,NULL),(2697,NULL,'2016-03-22 10:14:52',NULL,'Windows 7','Firefox 4','61.51.95.10',NULL,NULL,NULL,NULL),(2698,NULL,'2016-03-22 10:17:27',NULL,'Windows 7','Firefox 4','61.51.95.10',NULL,NULL,NULL,NULL),(2699,NULL,'2016-03-22 10:28:32',NULL,'Windows 7','Chrome','114.255.139.110',NULL,NULL,NULL,NULL),(2700,NULL,'2016-03-22 11:04:05',NULL,'Windows 7','Chrome','125.42.140.220',NULL,NULL,NULL,NULL),(2701,NULL,'2016-03-22 11:07:54',NULL,'Windows 7','Chrome','125.42.140.220',NULL,NULL,NULL,NULL),(2702,NULL,'2016-03-22 11:10:01',NULL,'Windows 7','Chrome','125.42.140.220',NULL,NULL,NULL,NULL),(2703,NULL,'2016-03-22 11:10:20',NULL,'Windows 7','Chrome','125.42.140.220',NULL,NULL,NULL,NULL),(2704,NULL,'2016-03-22 11:47:43',NULL,'Android 4.x','Mobile Safari','113.142.148.152',NULL,NULL,NULL,NULL),(2705,NULL,'2016-03-22 11:57:46',NULL,'Windows Vista','Chrome','218.98.37.113',NULL,NULL,NULL,NULL),(2706,NULL,'2016-03-22 12:05:20',NULL,'Windows 7','Chrome','114.245.38.57',NULL,NULL,NULL,NULL),(2707,NULL,'2016-03-22 13:19:40',NULL,'Windows 7','Chrome','120.52.24.16',NULL,NULL,NULL,NULL),(2708,NULL,'2016-03-22 13:20:25',NULL,'Windows 7','Chrome','120.52.24.16',NULL,NULL,NULL,NULL),(2709,NULL,'2016-03-22 13:36:51',NULL,'Windows','Firefox 4','58.48.10.130',NULL,NULL,NULL,NULL),(2710,NULL,'2016-03-22 14:39:12',NULL,'Windows 7','Chrome','180.169.84.156',NULL,NULL,NULL,NULL),(2711,NULL,'2016-03-22 16:56:53',NULL,'Windows 7','Chrome','120.52.24.16',NULL,NULL,NULL,NULL),(2712,NULL,'2016-03-26 17:31:58',NULL,'Windows','Chrome','106.37.28.143',NULL,NULL,NULL,NULL),(2713,NULL,'2016-03-26 17:32:48',NULL,'Windows','Chrome','106.37.28.143',NULL,NULL,NULL,NULL),(2714,NULL,'2016-03-26 17:33:25',NULL,'Windows','Chrome','106.37.28.143',NULL,NULL,NULL,NULL),(2715,NULL,'2016-03-26 17:34:22',NULL,'Windows','Chrome','106.37.28.143',NULL,NULL,NULL,NULL),(2716,NULL,'2016-03-26 17:36:03',NULL,'Windows','Firefox 4','222.204.1.6',NULL,NULL,NULL,NULL),(2717,NULL,'2016-03-26 17:45:55',NULL,'Windows','Chrome','182.48.104.23',NULL,NULL,NULL,NULL),(2718,NULL,'2016-03-26 18:32:40',NULL,'Windows 7','Chrome','119.118.143.152',NULL,NULL,NULL,NULL),(2719,NULL,'2016-03-26 18:35:07',NULL,'Mac OS X (iPhone)','Apple WebKit','119.80.101.42',NULL,NULL,NULL,NULL),(2720,NULL,'2016-03-26 19:56:35',NULL,'Windows','Chrome','106.37.28.141',NULL,NULL,NULL,NULL),(2721,NULL,'2016-03-26 20:22:24',NULL,'Mac OS X (iPhone)','Apple WebKit','112.123.240.114',NULL,NULL,NULL,NULL),(2722,NULL,'2016-03-26 20:31:13',NULL,'Windows','Chrome','113.87.0.49',NULL,NULL,NULL,NULL),(2723,NULL,'2016-03-26 20:31:52',NULL,'Windows','Chrome','113.87.0.49',NULL,NULL,NULL,NULL),(2724,NULL,'2016-03-26 20:32:05',NULL,'Windows 7','Chrome','180.137.19.142',NULL,NULL,NULL,NULL),(2725,NULL,'2016-03-26 20:33:40',NULL,'Windows 7','Chrome','183.14.8.98',NULL,NULL,NULL,NULL),(2726,NULL,'2016-03-26 20:39:25',NULL,'Windows 7','Chrome','183.14.8.98',NULL,NULL,NULL,NULL),(2727,NULL,'2016-03-26 21:01:05',NULL,'Windows 7','Chrome','183.14.8.98',NULL,NULL,NULL,NULL),(2728,NULL,'2016-03-26 21:01:14',NULL,'Windows 7','Chrome','183.14.8.98',NULL,NULL,NULL,NULL),(2729,NULL,'2016-03-26 23:57:07',NULL,'Windows 7','Chrome','116.216.30.59',NULL,NULL,NULL,NULL),(2730,NULL,'2016-03-27 00:36:31',NULL,'Windows 7','Chrome','116.216.30.59',NULL,NULL,NULL,NULL),(2731,NULL,'2016-03-27 00:38:45',NULL,'Windows 7','Chrome','116.216.30.59',NULL,NULL,NULL,NULL),(2732,NULL,'2016-03-27 00:38:56',NULL,'Windows 7','Chrome','116.216.30.59',NULL,NULL,NULL,NULL),(2733,NULL,'2016-03-27 00:39:28',NULL,'Windows 7','Chrome','116.216.30.59',NULL,NULL,NULL,NULL),(2734,NULL,'2016-03-27 00:41:08',NULL,'Windows 7','Chrome','116.216.30.59',NULL,NULL,NULL,NULL),(2735,NULL,'2016-03-27 00:41:29',NULL,'Windows 7','Chrome','116.216.30.59',NULL,NULL,NULL,NULL),(2736,NULL,'2016-03-27 02:53:48',NULL,'Windows 7','Chrome','140.224.78.233',NULL,NULL,NULL,NULL),(2737,NULL,'2016-03-27 16:15:03',NULL,'Android','Mobile Safari','116.216.30.59',NULL,NULL,NULL,NULL),(2738,NULL,'2016-03-27 16:16:05',NULL,'Android','Mobile Safari','116.216.30.59',NULL,NULL,NULL,NULL),(2739,NULL,'2016-03-27 20:22:24',NULL,'Mac OS X (iPhone)','Apple WebKit','222.69.128.60',NULL,NULL,NULL,NULL),(2740,NULL,'2016-03-27 21:55:17',NULL,'Android 4.x','Mobile Safari','175.153.40.101',NULL,NULL,NULL,NULL),(2741,NULL,'2016-03-28 08:35:48',NULL,'Windows 7','Chrome','120.52.24.16',NULL,NULL,NULL,NULL),(2742,NULL,'2016-03-28 10:47:57',NULL,'Windows 7','Chrome','120.52.24.16',NULL,NULL,NULL,NULL),(2743,NULL,'2016-03-28 11:08:43',NULL,'Windows 7','Chrome','120.52.24.16',NULL,NULL,NULL,NULL),(2744,NULL,'2016-03-28 11:09:31',NULL,'Mac OS X (iPhone)','Apple WebKit','223.104.18.214',NULL,NULL,NULL,NULL),(2745,NULL,'2016-03-28 11:10:51',NULL,'Windows 7','Chrome','49.77.225.58',NULL,NULL,NULL,NULL),(2746,NULL,'2016-03-28 11:12:08',NULL,'Windows 7','Chrome','101.81.109.92',NULL,NULL,NULL,NULL),(2747,NULL,'2016-03-28 11:12:37',NULL,'Windows 7','Chrome','120.52.24.16',NULL,NULL,NULL,NULL),(2748,NULL,'2016-03-28 11:20:40',NULL,'Windows 7','Chrome','119.122.81.171',NULL,NULL,NULL,NULL),(2749,NULL,'2016-03-28 11:23:59',NULL,'Windows 7','Chrome','119.122.81.171',NULL,NULL,NULL,NULL),(2750,NULL,'2016-03-28 11:25:45',NULL,'Windows','Chrome','58.17.121.222',NULL,NULL,NULL,NULL),(2751,NULL,'2016-03-28 11:27:57',NULL,'Windows 7','Chrome','182.139.173.142',NULL,NULL,NULL,NULL),(2752,NULL,'2016-03-28 13:12:47',NULL,'Windows 7','Chrome','222.35.39.203',NULL,NULL,NULL,NULL),(2753,NULL,'2016-03-28 13:27:49',NULL,'Windows 7','Chrome','120.52.24.16',NULL,NULL,NULL,NULL),(2754,NULL,'2016-03-30 11:44:20',NULL,'Windows 7','Chrome','127.0.0.1',NULL,NULL,NULL,NULL),(2755,NULL,'2016-03-30 11:46:44',NULL,'Windows 7','Chrome','127.0.0.1',NULL,NULL,NULL,NULL),(2756,NULL,'2016-03-30 11:47:45',NULL,'Windows 7','Chrome','127.0.0.1',NULL,NULL,NULL,NULL),(2973,NULL,'2016-03-30 11:49:02',NULL,'Windows 7','Chrome','127.0.0.1',NULL,NULL,NULL,NULL),(2974,NULL,'2016-03-30 11:49:21',NULL,'Windows 7','Chrome','127.0.0.1',NULL,NULL,NULL,NULL),(2975,NULL,'2016-03-30 11:49:59',NULL,'Windows 7','Chrome','127.0.0.1',NULL,NULL,NULL,NULL),(2976,NULL,'2016-03-30 11:51:11',NULL,'Windows 7','Chrome','127.0.0.1',NULL,NULL,NULL,NULL),(2977,NULL,'2016-03-30 11:52:02',NULL,'Windows 7','Chrome','127.0.0.1',NULL,NULL,NULL,NULL),(2978,NULL,'2016-03-30 11:53:48',NULL,'Windows 7','Chrome','127.0.0.1',NULL,NULL,NULL,NULL),(2979,NULL,'2016-03-30 13:40:40',NULL,'Windows 7','Chrome','127.0.0.1',NULL,NULL,NULL,NULL),(2980,NULL,'2016-03-30 13:43:02',NULL,'Windows 7','Chrome','127.0.0.1',NULL,NULL,NULL,NULL),(2981,NULL,'2016-03-30 15:54:52',NULL,'Windows 7','Chrome','127.0.0.1',NULL,NULL,NULL,NULL),(2982,NULL,'2016-03-31 16:40:08',NULL,'Windows 7','Chrome','127.0.0.1',NULL,NULL,NULL,NULL),(2983,NULL,'2016-03-31 16:41:56',NULL,'Windows 7','Chrome','127.0.0.1',NULL,NULL,NULL,NULL),(2984,NULL,'2016-03-31 16:42:49',NULL,'Windows 7','Chrome','127.0.0.1',NULL,NULL,NULL,NULL),(2985,NULL,'2016-03-31 16:45:19',NULL,'Windows 7','Chrome','127.0.0.1',NULL,NULL,NULL,NULL),(2986,NULL,'2016-03-31 16:45:49',NULL,'Windows 7','Chrome','127.0.0.1',NULL,NULL,NULL,NULL),(2987,NULL,'2016-03-31 16:50:16',NULL,'Windows 7','Chrome','127.0.0.1',NULL,NULL,NULL,NULL),(2988,NULL,'2016-03-31 16:50:45',NULL,'Windows 7','Chrome','127.0.0.1',NULL,NULL,NULL,NULL),(2989,NULL,'2016-03-31 16:50:49',NULL,'Windows 7','Chrome','127.0.0.1',NULL,NULL,NULL,NULL),(2990,NULL,'2016-03-31 16:59:43',NULL,'Windows 7','Chrome','127.0.0.1',NULL,NULL,NULL,NULL),(2991,NULL,'2016-03-31 16:59:59',NULL,'Windows 7','Chrome','127.0.0.1',NULL,NULL,NULL,NULL),(2992,NULL,'2016-03-31 17:00:54',NULL,'Windows 7','Chrome','127.0.0.1',NULL,NULL,NULL,NULL),(2993,NULL,'2016-03-31 17:01:43',NULL,'Windows 7','Chrome','127.0.0.1',NULL,NULL,NULL,NULL),(2994,NULL,'2016-03-31 17:04:38',NULL,'Windows 7','Chrome','127.0.0.1',NULL,NULL,NULL,NULL),(2995,NULL,'2016-03-31 17:04:56',NULL,'Windows 7','Chrome','127.0.0.1',NULL,NULL,NULL,NULL),(2996,NULL,'2016-03-31 17:05:37',NULL,'Windows 7','Chrome','127.0.0.1',NULL,NULL,NULL,NULL),(2997,NULL,'2016-03-31 17:05:48',NULL,'Windows 7','Chrome','127.0.0.1',NULL,NULL,NULL,NULL),(2998,NULL,'2016-03-31 17:06:38',NULL,'Windows 7','Chrome','127.0.0.1',NULL,NULL,NULL,NULL),(2999,NULL,'2016-03-31 17:06:44',NULL,'Windows 7','Chrome','127.0.0.1',NULL,NULL,NULL,NULL),(3000,NULL,'2016-03-31 17:07:16',NULL,'Windows 7','Chrome','127.0.0.1',NULL,NULL,NULL,NULL),(3001,NULL,'2016-03-31 17:07:35',NULL,'Windows 7','Chrome','127.0.0.1',NULL,NULL,NULL,NULL),(3002,NULL,'2016-03-31 17:08:59',NULL,'Windows 7','Chrome','127.0.0.1',NULL,NULL,NULL,NULL),(3003,NULL,'2016-03-31 17:12:30',NULL,'Windows 7','Chrome','127.0.0.1',NULL,NULL,NULL,NULL),(3004,NULL,'2016-03-31 17:14:36',NULL,'Windows 7','Chrome','127.0.0.1',NULL,NULL,NULL,NULL),(3005,NULL,'2016-03-31 17:14:53',NULL,'Windows 7','Chrome','127.0.0.1',NULL,NULL,NULL,NULL),(3006,NULL,'2016-03-31 17:16:19',NULL,'Windows 7','Chrome','127.0.0.1',NULL,NULL,NULL,NULL),(3007,NULL,'2016-03-31 17:17:23',NULL,'Windows 7','Chrome','127.0.0.1',NULL,NULL,NULL,NULL),(3008,NULL,'2016-03-31 17:21:31',NULL,'Windows 7','Chrome','127.0.0.1',NULL,NULL,NULL,NULL),(3009,NULL,'2016-03-31 17:22:55',NULL,'Windows 7','Chrome','127.0.0.1',NULL,NULL,NULL,NULL),(3010,NULL,'2016-03-31 17:25:35',NULL,'Windows 7','Chrome','127.0.0.1',NULL,NULL,NULL,NULL),(3011,NULL,'2016-03-31 17:25:45',NULL,'Windows 7','Chrome','127.0.0.1',NULL,NULL,NULL,NULL),(3012,NULL,'2016-03-31 17:25:58',NULL,'Windows 7','Chrome','127.0.0.1',NULL,NULL,NULL,NULL),(3013,NULL,'2016-03-31 17:26:04',NULL,'Windows 7','Chrome','127.0.0.1',NULL,NULL,NULL,NULL),(3014,NULL,'2016-03-31 17:31:51',NULL,'Windows 7','Chrome','127.0.0.1',NULL,NULL,NULL,NULL),(3015,NULL,'2016-03-31 17:33:16',NULL,'Windows 7','Chrome','127.0.0.1',NULL,NULL,NULL,NULL),(3016,NULL,'2016-03-31 17:33:48',NULL,'Windows 7','Chrome','127.0.0.1',NULL,NULL,NULL,NULL),(3017,NULL,'2016-03-31 17:48:52',NULL,'Windows 7','Chrome','127.0.0.1',NULL,NULL,NULL,NULL),(3018,NULL,'2016-03-31 17:49:37',NULL,'Windows 7','Chrome','127.0.0.1',NULL,NULL,NULL,NULL),(3019,NULL,'2016-04-01 09:37:34',NULL,'Windows 7','Chrome','127.0.0.1',NULL,NULL,NULL,NULL),(3020,NULL,'2016-04-01 09:37:47',NULL,'Windows 7','Chrome','127.0.0.1',NULL,NULL,NULL,NULL),(3021,NULL,'2016-04-01 09:38:51',NULL,'Windows 7','Chrome','127.0.0.1',NULL,NULL,NULL,NULL),(3022,NULL,'2016-04-01 09:42:20',NULL,'Windows 7','Chrome','127.0.0.1',NULL,NULL,NULL,NULL),(3023,NULL,'2016-04-01 09:44:45',NULL,'Windows 7','Chrome','127.0.0.1',NULL,NULL,NULL,NULL),(3024,NULL,'2016-04-01 15:52:34',NULL,'Windows 7','Chrome','127.0.0.1',NULL,NULL,NULL,NULL),(3025,NULL,'2016-04-25 14:49:12',NULL,'Windows 7','Internet Explorer 9','120.52.24.24',NULL,NULL,NULL,NULL),(3026,NULL,'2016-04-25 14:51:25',NULL,'Android','Chrome','36.23.17.227',NULL,NULL,NULL,NULL),(3027,NULL,'2016-04-25 14:52:50',NULL,'Windows 7','Chrome','122.4.237.235',NULL,NULL,NULL,NULL),(3028,NULL,'2016-04-25 14:52:53',NULL,'Windows 7','Firefox 4','60.208.139.35',NULL,NULL,NULL,NULL),(3029,NULL,'2016-04-25 14:52:58',NULL,'Windows','Chrome','218.20.227.30',NULL,NULL,NULL,NULL),(3030,NULL,'2016-04-25 14:53:34',NULL,'Windows 7','Chrome','27.214.2.67',NULL,NULL,NULL,NULL),(3031,NULL,'2016-04-25 14:56:10',NULL,'Windows','Chrome','124.128.89.154',NULL,NULL,NULL,NULL),(3032,NULL,'2016-04-25 14:56:53',NULL,'Windows 7','Chrome','122.4.237.235',NULL,NULL,NULL,NULL),(3033,NULL,'2016-04-25 15:01:11',NULL,'Windows 7','Internet Explorer 9','120.52.24.24',NULL,NULL,NULL,NULL),(3034,NULL,'2016-04-25 15:01:48',NULL,'Windows 7','Chrome','121.34.130.196',NULL,NULL,NULL,NULL),(3035,NULL,'2016-04-25 15:03:35',NULL,'Windows 7','Internet Explorer 8','222.87.163.12',NULL,NULL,NULL,NULL),(3036,NULL,'2016-04-25 15:03:46',NULL,'Windows 7','Chrome','171.221.199.77',NULL,NULL,NULL,NULL),(3037,NULL,'2016-04-25 15:04:04',NULL,'Windows','Chrome','183.15.253.42',NULL,NULL,NULL,NULL),(3038,NULL,'2016-04-25 15:04:07',NULL,'Windows 7','Firefox 4','222.87.163.12',NULL,NULL,NULL,NULL),(3039,NULL,'2016-04-25 15:04:54',NULL,'Windows 7','Firefox 4','222.87.163.12',NULL,NULL,NULL,NULL),(3040,NULL,'2016-04-25 15:06:20',NULL,'Windows Vista','Chrome','116.231.224.17',NULL,NULL,NULL,NULL),(3041,NULL,'2016-04-25 15:06:42',NULL,'Windows 7','Firefox 4','222.87.163.12',NULL,NULL,NULL,NULL),(3042,NULL,'2016-04-25 15:07:00',NULL,'Windows 7','Firefox 4','222.87.163.12',NULL,NULL,NULL,NULL),(3043,NULL,'2016-04-25 15:07:04',NULL,'Windows','Firefox 4','111.206.199.181',NULL,NULL,NULL,NULL),(3044,NULL,'2016-04-25 15:07:26',NULL,'Windows 7','Firefox 4','222.87.163.12',NULL,NULL,NULL,NULL),(3045,NULL,'2016-04-25 15:07:51',NULL,'Windows 7','Chrome','123.185.161.214',NULL,NULL,NULL,NULL),(3046,NULL,'2016-04-25 15:19:45',NULL,'Windows XP','Chrome','111.206.199.177',NULL,NULL,NULL,NULL),(3047,NULL,'2016-04-25 15:21:48',NULL,'Windows 7','Chrome','39.88.93.94',NULL,NULL,NULL,NULL),(3048,NULL,'2016-04-25 15:24:07',NULL,'Windows XP','Chrome','111.206.199.177',NULL,NULL,NULL,NULL),(3049,NULL,'2016-04-25 16:01:59',NULL,'Windows 7','Chrome','219.137.119.19',NULL,NULL,NULL,NULL),(3050,NULL,'2016-04-25 16:06:28',NULL,'Windows 7','Chrome','124.207.188.68',NULL,NULL,NULL,NULL),(3051,NULL,'2016-04-25 16:09:50',NULL,'Windows 7','Chrome','221.203.21.194',NULL,NULL,NULL,NULL),(3052,NULL,'2016-04-25 17:14:15',NULL,'Windows 7','Chrome','183.156.125.221',NULL,NULL,NULL,NULL),(3053,NULL,'2016-04-25 17:18:50',NULL,'Windows Vista','Chrome','111.175.5.43',NULL,NULL,NULL,NULL),(3054,NULL,'2016-04-25 17:20:49',NULL,'Windows Vista','Chrome','111.175.5.43',NULL,NULL,NULL,NULL),(3055,NULL,'2016-04-25 17:35:06',NULL,'Windows 8','Firefox 4','221.218.66.170',NULL,NULL,NULL,NULL),(3056,NULL,'2016-04-25 17:48:34',NULL,'Windows 7','Internet Explorer 9','120.52.24.24',NULL,NULL,NULL,NULL),(3057,NULL,'2016-04-25 21:52:21',NULL,'Windows 7','Chrome','27.151.106.218',NULL,NULL,NULL,NULL),(3058,NULL,'2016-04-26 08:38:35',NULL,'Windows 7','Chrome','120.198.30.206',NULL,NULL,NULL,NULL),(3059,NULL,'2016-04-26 09:11:23',NULL,'Windows 7','Chrome','60.247.20.85',NULL,NULL,NULL,NULL),(3060,NULL,'2016-04-26 09:23:39',NULL,'Windows 7','Chrome','60.247.20.85',NULL,NULL,NULL,NULL),(3061,NULL,'2016-04-26 09:32:01',NULL,'Windows 7','Mozilla','123.149.113.113',NULL,NULL,NULL,NULL),(3062,NULL,'2016-04-26 09:33:18',NULL,'Windows 7','Mozilla','123.149.113.113',NULL,NULL,NULL,NULL),(3063,NULL,'2016-04-26 10:58:50',NULL,'Windows 7','Chrome','60.247.20.85',NULL,NULL,NULL,NULL),(3064,NULL,'2016-04-26 10:59:36',NULL,'Windows 7','Chrome','60.247.20.85',NULL,NULL,NULL,NULL),(3065,NULL,'2016-04-26 11:02:27',NULL,'Windows 7','Chrome','60.247.20.85',NULL,NULL,NULL,NULL),(3066,NULL,'2016-04-26 11:33:08',NULL,'Mac OS X (iPhone)','Apple WebKit','112.123.240.114',NULL,NULL,NULL,NULL),(3067,NULL,'2016-04-26 11:34:19',NULL,'Windows 7','Chrome','171.213.60.25',NULL,NULL,NULL,NULL),(3068,NULL,'2016-04-26 11:34:46',NULL,'Windows 7','Firefox 4','36.110.25.115',NULL,NULL,NULL,NULL),(3069,NULL,'2016-04-26 11:37:26',NULL,'Mac OS X (iPhone)','Apple WebKit','223.104.19.66',NULL,NULL,NULL,NULL),(3070,NULL,'2016-04-26 11:54:45',NULL,'Windows 7','Chrome','36.110.25.198',NULL,NULL,NULL,NULL),(3071,NULL,'2016-04-26 11:55:13',NULL,'Windows 7','Chrome','36.110.25.198',NULL,NULL,NULL,NULL),(3072,NULL,'2016-04-26 13:12:01',NULL,'Windows 7','Internet Explorer 9','120.52.24.24',NULL,NULL,NULL,NULL),(3073,NULL,'2016-04-26 13:26:03',NULL,'Windows 7','Chrome','60.247.20.85',NULL,NULL,NULL,NULL),(3074,NULL,'2016-04-26 14:09:27',NULL,'Windows 7','Internet Explorer 8','14.20.18.119',NULL,NULL,NULL,NULL),(3075,NULL,'2016-04-26 14:48:44',NULL,'Android 4.x','Mobile Safari','61.158.148.66',NULL,NULL,NULL,NULL),(3076,NULL,'2016-04-26 16:46:47',NULL,'Windows 7','Internet Explorer 9','120.52.24.24',NULL,NULL,NULL,NULL),(3077,NULL,'2016-04-26 16:51:19',NULL,'Windows','Chrome','116.213.120.9',NULL,NULL,NULL,NULL),(3078,NULL,'2016-04-26 16:51:41',NULL,'Windows 7','Chrome','60.190.244.158',NULL,NULL,NULL,NULL),(3079,NULL,'2016-04-26 16:51:58',NULL,'Windows','Chrome','14.121.179.213',NULL,NULL,NULL,NULL),(3080,NULL,'2016-04-26 16:52:59',NULL,'Windows Vista','Chrome','124.207.115.50',NULL,NULL,NULL,NULL),(3081,NULL,'2016-04-26 16:53:05',NULL,'Windows 7','Chrome','101.95.128.138',NULL,NULL,NULL,NULL),(3082,NULL,'2016-04-26 16:55:13',NULL,'Windows 7','Chrome','101.95.128.138',NULL,NULL,NULL,NULL),(3083,NULL,'2016-04-26 16:58:24',NULL,'Windows','Chrome','14.121.179.213',NULL,NULL,NULL,NULL),(3084,NULL,'2016-04-26 17:03:37',NULL,'Windows 7','Chrome 21','211.162.34.20',NULL,NULL,NULL,NULL),(3085,NULL,'2016-04-26 17:06:54',NULL,'Windows 7','Chrome 21','211.162.34.20',NULL,NULL,NULL,NULL),(3086,NULL,'2016-04-26 17:11:17',NULL,'Windows 7','Chrome','113.98.246.232',NULL,NULL,NULL,NULL),(3087,NULL,'2016-04-26 17:17:11',NULL,'Windows','Chrome','49.80.219.61',NULL,NULL,NULL,NULL),(3088,NULL,'2016-04-26 18:20:42',NULL,'Windows Vista','Chrome','180.169.33.113',NULL,NULL,NULL,NULL),(3089,NULL,'2016-04-26 20:32:30',NULL,'Windows','Chrome','117.114.129.162',NULL,NULL,NULL,NULL),(3090,NULL,'2016-04-26 20:34:35',NULL,'Windows','Chrome','112.87.201.106',NULL,NULL,NULL,NULL),(3091,NULL,'2016-04-27 10:11:18',NULL,'Windows 7','Chrome','120.52.24.24',NULL,NULL,NULL,NULL),(3092,NULL,'2016-04-27 10:35:34',NULL,'Windows 7','Chrome','183.156.125.221',NULL,NULL,NULL,NULL),(3093,NULL,'2016-04-27 10:37:37',NULL,'Windows 7','Chrome','58.220.197.194',NULL,NULL,NULL,NULL),(3094,NULL,'2016-04-27 10:46:39',NULL,'Windows Vista','Mozilla','180.169.33.113',NULL,NULL,NULL,NULL),(3095,NULL,'2016-04-27 11:21:57',NULL,'Windows Vista','Chrome','183.228.49.60',NULL,NULL,NULL,NULL),(3096,NULL,'2016-04-27 12:21:25',NULL,'Windows 7','Internet Explorer 9','120.52.24.24',NULL,NULL,NULL,NULL),(3097,NULL,'2016-04-27 13:57:32',NULL,'Windows','Chrome','140.207.36.234',NULL,NULL,NULL,NULL),(3098,NULL,'2016-04-27 14:10:25',NULL,'Windows 7','Mozilla','123.149.115.24',NULL,NULL,NULL,NULL),(3099,NULL,'2016-04-27 15:02:46',NULL,'Windows Vista','Chrome','123.125.146.143',NULL,NULL,NULL,NULL),(3100,NULL,'2016-04-27 15:21:14',NULL,'Windows 7','Chrome','218.26.200.19',NULL,NULL,NULL,NULL),(3101,NULL,'2016-04-27 15:28:22',NULL,'Windows Vista','Chrome','124.65.164.98',NULL,NULL,NULL,NULL),(3102,NULL,'2016-04-28 09:54:11',NULL,'Windows 7','Chrome','219.141.211.94',NULL,NULL,NULL,NULL),(3103,NULL,'2016-04-28 11:18:27',NULL,'Windows 7','Chrome','36.110.25.198',NULL,NULL,NULL,NULL),(3104,NULL,'2016-04-29 10:02:37',NULL,'Windows 7','Chrome','113.97.242.119',NULL,NULL,NULL,NULL),(3105,NULL,'2016-04-29 16:43:10',NULL,'Windows 7','Chrome','112.123.240.114',NULL,NULL,NULL,NULL),(3106,NULL,'2016-04-29 16:47:28',NULL,'Windows 7','Chrome','112.123.240.114',NULL,NULL,NULL,NULL),(3107,NULL,'2016-04-29 17:00:56',NULL,'Windows 7','Chrome','112.123.240.114',NULL,NULL,NULL,NULL),(3108,NULL,'2016-04-30 08:32:51',NULL,'Windows Vista','Chrome','183.37.220.82',NULL,NULL,NULL,NULL),(3109,NULL,'2016-05-03 10:57:00',NULL,'Windows 7','Chrome','125.71.215.243',NULL,NULL,NULL,NULL),(3110,NULL,'2016-05-03 14:15:58',NULL,'Windows 7','Chrome','120.52.24.24',NULL,NULL,NULL,NULL),(3111,NULL,'2016-05-03 14:43:33',NULL,'Windows 7','Chrome','127.0.0.1',NULL,NULL,NULL,NULL),(3112,NULL,'2016-05-03 16:15:33',NULL,'Windows 7','Chrome','182.39.114.86',NULL,NULL,NULL,NULL),(3113,NULL,'2016-05-03 16:15:52',NULL,'Windows 7','Chrome','120.52.24.24',NULL,NULL,NULL,NULL),(3114,NULL,'2016-05-03 16:20:50',NULL,'Windows Vista','Mozilla','180.169.33.113',NULL,NULL,NULL,NULL),(3115,NULL,'2016-05-03 16:21:32',NULL,'Windows 7','Chrome','211.95.59.199',NULL,NULL,NULL,NULL),(3116,NULL,'2016-05-03 16:38:42',NULL,'Windows','Firefox 4','59.44.70.193',NULL,NULL,NULL,NULL),(3117,NULL,'2016-05-03 18:02:36',NULL,'Windows 7','Chrome','124.163.206.72',NULL,NULL,NULL,NULL),(3118,NULL,'2016-05-03 18:04:34',NULL,'Windows 7','Chrome','116.231.233.237',NULL,NULL,NULL,NULL),(3119,NULL,'2016-05-03 18:06:41',NULL,'Android','Chrome','117.136.75.133',NULL,NULL,NULL,NULL),(3120,NULL,'2016-05-03 18:16:28',NULL,'Windows','Chrome','218.28.21.174',NULL,NULL,NULL,NULL),(3121,NULL,'2016-05-03 18:17:53',NULL,'Windows 7','Internet Explorer 8','218.19.21.195',NULL,NULL,NULL,NULL),(3122,NULL,'2016-05-03 18:18:25',NULL,'Windows 7','Chrome','113.99.30.248',NULL,NULL,NULL,NULL),(3123,NULL,'2016-05-03 18:18:46',NULL,'Windows 7','Chrome','218.19.21.195',NULL,NULL,NULL,NULL),(3124,NULL,'2016-05-03 18:20:45',NULL,'Android','Chrome','42.234.171.164',NULL,NULL,NULL,NULL),(3125,NULL,'2016-05-03 18:22:15',NULL,'Windows XP','Chrome','60.28.191.133',NULL,NULL,NULL,NULL),(3126,NULL,'2016-05-03 18:25:57',NULL,'Windows 7','Chrome','124.163.206.10',NULL,NULL,NULL,NULL),(3127,NULL,'2016-05-03 18:29:56',NULL,'Windows 7','Chrome','124.67.20.161',NULL,NULL,NULL,NULL),(3128,NULL,'2016-05-03 18:32:55',NULL,'Windows 7','Chrome','124.67.20.161',NULL,NULL,NULL,NULL),(3129,NULL,'2016-05-03 18:38:56',NULL,'Android','Chrome','111.206.95.98',NULL,NULL,NULL,NULL),(3130,NULL,'2016-05-03 19:56:12',NULL,'Android','Chrome','123.117.81.103',NULL,NULL,NULL,NULL),(3131,NULL,'2016-05-03 20:09:09',NULL,'Windows 7','Chrome','14.18.29.137',NULL,NULL,NULL,NULL),(3132,NULL,'2016-05-03 20:09:59',NULL,'Windows 7','Chrome','14.18.29.137',NULL,NULL,NULL,NULL),(3133,NULL,'2016-05-03 20:30:56',NULL,'Windows 7','Internet Explorer 7','27.38.9.55',NULL,NULL,NULL,NULL),(3134,NULL,'2016-05-04 09:08:46',NULL,'Windows 7','Chrome','112.123.240.114',NULL,NULL,NULL,NULL),(3135,NULL,'2016-05-04 09:19:07',NULL,'Windows 7','Chrome','112.123.240.114',NULL,NULL,NULL,NULL),(3136,NULL,'2016-05-04 14:58:38',NULL,'Windows 7','Chrome','116.228.206.84',NULL,NULL,NULL,NULL),(3137,NULL,'2016-05-04 14:58:40',NULL,'Windows 7','Chrome','120.52.24.24',NULL,NULL,NULL,NULL),(3138,NULL,'2016-05-04 14:59:20',NULL,'Windows','Chrome','116.231.35.163',NULL,NULL,NULL,NULL),(3139,NULL,'2016-05-04 14:59:52',NULL,'Windows 7','Chrome','182.200.40.72',NULL,NULL,NULL,NULL),(3140,NULL,'2016-05-04 15:00:43',NULL,'Mac OS X (iPhone)','Apple WebKit','117.136.41.86',NULL,NULL,NULL,NULL),(3141,NULL,'2016-05-04 15:02:29',NULL,'Windows','Chrome','113.135.125.182',NULL,NULL,NULL,NULL),(3142,NULL,'2016-05-04 15:04:21',NULL,'Windows','Chrome','49.80.223.63',NULL,NULL,NULL,NULL),(3143,NULL,'2016-05-04 15:06:36',NULL,'Windows 7','Chrome','120.52.24.24',NULL,NULL,NULL,NULL),(3144,NULL,'2016-05-04 15:08:52',NULL,'Windows 7','Internet Explorer 9','192.168.0.18',NULL,NULL,NULL,NULL),(3145,NULL,'2016-05-04 15:09:51',NULL,'Windows','Chrome','125.65.73.1',NULL,NULL,NULL,NULL),(3146,NULL,'2016-05-04 15:10:24',NULL,'Windows','Chrome','125.65.73.1',NULL,NULL,NULL,NULL),(3147,NULL,'2016-05-04 15:10:37',NULL,'Windows 7','Internet Explorer 8','183.62.131.90',NULL,NULL,NULL,NULL),(3148,NULL,'2016-05-04 15:11:01',NULL,'Windows 7','Firefox 4','112.53.82.59',NULL,NULL,NULL,NULL),(3149,NULL,'2016-05-04 15:11:07',NULL,'Windows 7','Firefox 4','111.202.71.182',NULL,NULL,NULL,NULL),(3150,NULL,'2016-05-04 15:11:19',NULL,'Windows','Chrome','123.232.43.162',NULL,NULL,NULL,NULL),(3151,NULL,'2016-05-04 15:11:26',NULL,'Windows 7','Chrome','122.4.237.235',NULL,NULL,NULL,NULL),(3152,NULL,'2016-05-04 15:11:28',NULL,'Windows 7','Chrome','59.46.46.164',NULL,NULL,NULL,NULL),(3153,NULL,'2016-05-04 15:11:47',NULL,'Windows 7','Firefox 4','111.202.71.182',NULL,NULL,NULL,NULL),(3154,NULL,'2016-05-04 15:11:53',NULL,'Windows 7','Firefox 4','120.35.34.101',NULL,NULL,NULL,NULL),(3155,NULL,'2016-05-04 15:11:56',NULL,'Windows 7','Chrome','218.201.111.114',NULL,NULL,NULL,NULL),(3156,NULL,'2016-05-04 15:12:35',NULL,'Windows 7','Chrome','218.1.18.114',NULL,NULL,NULL,NULL),(3157,NULL,'2016-05-04 15:13:12',NULL,'Windows 7','Chrome','219.133.73.177',NULL,NULL,NULL,NULL),(3158,NULL,'2016-05-04 15:13:41',NULL,'Windows 7','Chrome','218.201.111.114',NULL,NULL,NULL,NULL),(3159,NULL,'2016-05-04 15:15:20',NULL,'Windows XP','Chrome','124.133.229.106',NULL,NULL,NULL,NULL),(3160,NULL,'2016-05-04 15:16:14',NULL,'Windows 7','Chrome','120.198.30.135',NULL,NULL,NULL,NULL),(3161,NULL,'2016-05-04 15:16:38',NULL,'Mac OS X (iPhone)','Apple WebKit','113.5.2.1',NULL,NULL,NULL,NULL),(3162,NULL,'2016-05-04 15:16:56',NULL,'Windows','Chrome','123.232.43.162',NULL,NULL,NULL,NULL),(3163,NULL,'2016-05-04 15:16:56',NULL,'Windows','Chrome','123.232.43.162',NULL,NULL,NULL,NULL),(3164,NULL,'2016-05-04 15:18:39',NULL,'Mac OS X (iPhone)','Apple WebKit','113.5.2.1',NULL,NULL,NULL,NULL),(3165,NULL,'2016-05-04 15:19:19',NULL,'Windows XP','Chrome','124.133.229.106',NULL,NULL,NULL,NULL),(3166,NULL,'2016-05-04 15:21:24',NULL,'Windows Vista','Chrome','180.173.139.100',NULL,NULL,NULL,NULL),(3167,NULL,'2016-05-04 15:22:32',NULL,'Windows 7','Mozilla','222.128.35.224',NULL,NULL,NULL,NULL),(3168,NULL,'2016-05-04 15:25:00',NULL,'Windows 7','Chrome','222.85.139.101',NULL,NULL,NULL,NULL),(3169,NULL,'2016-05-04 15:25:41',NULL,'Windows 7','Firefox 4','124.126.17.42',NULL,NULL,NULL,NULL),(3170,NULL,'2016-05-04 15:26:13',NULL,'Windows 7','Chrome','222.46.28.206',NULL,NULL,NULL,NULL),(3171,NULL,'2016-05-04 15:26:33',NULL,'Windows 7','Chrome','222.46.28.206',NULL,NULL,NULL,NULL),(3172,NULL,'2016-05-04 15:27:19',NULL,'Windows Vista','Chrome','116.231.224.17',NULL,NULL,NULL,NULL),(3173,NULL,'2016-05-04 15:27:31',NULL,'Windows XP','Chrome','218.107.32.228',NULL,NULL,NULL,NULL),(3174,NULL,'2016-05-04 15:27:39',NULL,'Windows 7','Chrome','180.166.7.106',NULL,NULL,NULL,NULL),(3175,NULL,'2016-05-04 15:28:06',NULL,'Windows','Chrome','114.111.166.210',NULL,NULL,NULL,NULL),(3176,NULL,'2016-05-04 15:28:23',NULL,'Windows 7','Chrome 28','60.208.111.211',NULL,NULL,NULL,NULL),(3177,NULL,'2016-05-04 15:31:09',NULL,'Windows 7','Chrome','117.149.19.136',NULL,NULL,NULL,NULL),(3178,NULL,'2016-05-04 16:04:05',NULL,'Windows 7','Chrome','180.156.145.23',NULL,NULL,NULL,NULL),(3179,NULL,'2016-05-04 16:13:06',NULL,'Windows 7','Chrome','124.133.42.180',NULL,NULL,NULL,NULL),(3180,NULL,'2016-05-04 17:17:22',NULL,'Windows 7','Chrome','116.8.231.87',NULL,NULL,NULL,NULL),(3181,NULL,'2016-05-05 15:12:09',NULL,'Windows 7','Chrome','182.200.38.249',NULL,NULL,NULL,NULL),(3182,NULL,'2016-05-05 15:14:35',NULL,'Windows 7','Chrome','182.200.38.249',NULL,NULL,NULL,NULL),(3183,NULL,'2016-05-05 15:14:57',NULL,'Windows 7','Chrome','182.200.38.249',NULL,NULL,NULL,NULL),(3184,NULL,'2016-05-05 21:51:24',NULL,'Windows 7','Firefox 4','211.138.251.66',NULL,NULL,NULL,NULL),(3185,NULL,'2016-05-05 22:02:39',NULL,'Windows 7','Firefox 4','211.138.251.66',NULL,NULL,NULL,NULL),(3186,NULL,'2016-05-05 22:08:25',NULL,'Windows 7','Internet Explorer 7','211.138.251.66',NULL,NULL,NULL,NULL),(3187,NULL,'2016-05-05 22:08:36',NULL,'Windows 7','Internet Explorer 7','211.138.251.66',NULL,NULL,NULL,NULL),(3188,NULL,'2016-05-05 22:09:31',NULL,'Windows 7','Internet Explorer 7','211.138.251.66',NULL,NULL,NULL,NULL),(3189,NULL,'2016-05-06 09:11:12',NULL,'Windows 7','Chrome','111.30.21.47',NULL,NULL,NULL,NULL),(3190,NULL,'2016-05-06 12:49:29',NULL,'Windows 7','Chrome','203.95.105.10',NULL,NULL,NULL,NULL),(3191,NULL,'2016-05-06 13:17:32',NULL,'Windows','Chrome','116.231.35.163',NULL,NULL,NULL,NULL),(3192,NULL,'2016-05-06 13:35:55',NULL,'Windows 7','Chrome','220.249.170.226',NULL,NULL,NULL,NULL),(3193,NULL,'2016-05-06 13:39:27',NULL,'Windows 7','Chrome','124.166.231.248',NULL,NULL,NULL,NULL),(3194,NULL,'2016-05-06 16:28:35',NULL,'Windows Vista','Mozilla','180.169.33.113',NULL,NULL,NULL,NULL),(3195,NULL,'2016-05-06 16:28:36',NULL,'Windows Vista','Mozilla','180.169.33.113',NULL,NULL,NULL,NULL),(3196,NULL,'2016-05-06 16:28:53',NULL,'Windows Vista','Mozilla','180.169.33.113',NULL,NULL,NULL,NULL),(3197,NULL,'2016-05-06 16:32:45',NULL,'Windows 7','Chrome','120.52.24.23',NULL,NULL,NULL,NULL),(3198,NULL,'2016-05-06 16:54:15',NULL,'Windows Vista','Chrome','113.118.246.4',NULL,NULL,NULL,NULL),(3199,NULL,'2016-05-06 16:54:55',NULL,'Windows 7','Chrome','120.52.24.23',NULL,NULL,NULL,NULL),(3200,NULL,'2016-05-06 17:04:37',NULL,'Windows','Chrome','123.114.37.188',NULL,NULL,NULL,NULL),(3201,NULL,'2016-05-06 17:13:21',NULL,'Windows 7','Mozilla','60.247.77.252',NULL,NULL,NULL,NULL),(3202,NULL,'2016-05-06 17:21:55',NULL,'Windows Vista','Mozilla','180.169.33.113',NULL,NULL,NULL,NULL),(3203,NULL,'2016-05-06 17:22:10',NULL,'Windows Vista','Mozilla','180.169.33.113',NULL,NULL,NULL,NULL),(3204,NULL,'2016-05-06 17:22:24',NULL,'Windows Vista','Mozilla','180.169.33.113',NULL,NULL,NULL,NULL),(3205,NULL,'2016-05-06 23:09:52',NULL,'Windows','Chrome','113.205.199.226',NULL,NULL,NULL,NULL),(3206,NULL,'2016-05-06 23:15:49',NULL,'Windows','Chrome','113.205.199.226',NULL,NULL,NULL,NULL),(3207,NULL,'2016-05-07 17:54:32',NULL,'Windows 7','Chrome','210.32.120.101',NULL,NULL,NULL,NULL),(3208,NULL,'2016-05-07 22:44:09',NULL,'Windows','Internet Explorer 7','122.235.92.18',NULL,NULL,NULL,NULL),(3209,NULL,'2016-05-07 23:34:39',NULL,'Mac OS X (iPhone)','Apple WebKit','112.67.199.170',NULL,NULL,NULL,NULL),(3210,NULL,'2016-05-08 00:08:58',NULL,'Android','Chrome','210.32.120.109',NULL,NULL,NULL,NULL),(3211,NULL,'2016-05-08 22:16:36',NULL,'Android','Chrome','111.196.240.121',NULL,NULL,NULL,NULL),(3212,NULL,'2016-05-09 11:15:40',NULL,'Windows','Chrome','114.83.46.242',NULL,NULL,NULL,NULL),(3213,NULL,'2016-05-09 12:23:47',NULL,'Windows 7','Chrome','111.196.69.27',NULL,NULL,NULL,NULL),(3214,NULL,'2016-05-09 12:39:40',NULL,'Windows Vista','Chrome','116.231.224.17',NULL,NULL,NULL,NULL),(3215,NULL,'2016-05-09 12:41:39',NULL,'Windows Vista','Chrome','116.231.224.17',NULL,NULL,NULL,NULL),(3216,NULL,'2016-05-09 12:41:42',NULL,'Windows Vista','Chrome','116.231.224.17',NULL,NULL,NULL,NULL),(3217,NULL,'2016-05-09 12:54:33',NULL,'Windows 7','Chrome','210.32.120.101',NULL,NULL,NULL,NULL),(3218,NULL,'2016-05-09 13:43:33',NULL,'Windows','Chrome','106.37.236.227',NULL,NULL,NULL,NULL),(3219,NULL,'2016-05-09 15:30:11',NULL,'Windows Vista','Chrome','61.153.20.162',NULL,NULL,NULL,NULL),(3220,NULL,'2016-05-09 15:30:12',NULL,'Windows Vista','Chrome','61.153.20.162',NULL,NULL,NULL,NULL),(3221,NULL,'2016-05-09 15:30:20',NULL,'Windows Vista','Chrome','61.153.20.162',NULL,NULL,NULL,NULL),(3222,NULL,'2016-05-09 15:32:56',NULL,'Windows Vista','Chrome','61.153.20.162',NULL,NULL,NULL,NULL),(3223,NULL,'2016-05-09 15:41:09',NULL,'Windows Vista','Chrome','124.207.147.186',NULL,NULL,NULL,NULL),(3224,NULL,'2016-05-09 18:05:28',NULL,'Windows 7','Chrome','120.52.24.23',NULL,NULL,NULL,NULL),(3225,NULL,'2016-05-09 18:05:55',NULL,'Windows 7','Chrome','120.52.24.23',NULL,NULL,NULL,NULL),(3226,NULL,'2016-05-09 18:07:51',NULL,'Windows 7','Chrome','120.52.24.23',NULL,NULL,NULL,NULL),(3227,NULL,'2016-05-09 18:07:56',NULL,'Windows 7','Chrome','120.52.24.23',NULL,NULL,NULL,NULL),(3228,NULL,'2016-05-09 18:08:00',NULL,'Windows 7','Chrome','120.52.24.23',NULL,NULL,NULL,NULL),(3229,NULL,'2016-05-10 11:10:24',NULL,'Windows 7','Chrome','61.131.81.135',NULL,NULL,NULL,NULL),(3230,NULL,'2016-05-10 11:25:05',NULL,'Windows 7','Chrome','116.231.224.17',NULL,NULL,NULL,NULL),(3231,NULL,'2016-05-10 14:00:14',NULL,'Windows 7','Chrome','116.231.224.17',NULL,NULL,NULL,NULL),(3232,NULL,'2016-05-10 14:00:16',NULL,'Windows 7','Chrome','116.231.224.17',NULL,NULL,NULL,NULL),(3233,NULL,'2016-05-10 14:00:22',NULL,'Windows 7','Chrome','116.231.224.17',NULL,NULL,NULL,NULL),(3234,NULL,'2016-05-10 14:08:34',NULL,'Windows 7','Chrome','58.62.220.204',NULL,NULL,NULL,NULL),(3235,NULL,'2016-05-10 18:00:30',NULL,'Windows 7','Chrome','120.52.24.23',NULL,NULL,NULL,NULL),(3236,NULL,'2016-05-10 22:16:58',NULL,'Windows 7','Chrome','116.234.97.225',NULL,NULL,NULL,NULL),(3237,NULL,'2016-05-10 22:22:38',NULL,'Windows 7','Chrome','116.234.97.225',NULL,NULL,NULL,NULL),(3238,NULL,'2016-05-10 22:22:50',NULL,'Windows 7','Chrome','116.234.97.225',NULL,NULL,NULL,NULL),(3239,NULL,'2016-05-10 22:22:57',NULL,'Windows 7','Chrome','116.234.97.225',NULL,NULL,NULL,NULL),(3240,NULL,'2016-05-10 22:26:38',NULL,'Windows 7','Chrome','116.234.97.225',NULL,NULL,NULL,NULL),(3241,NULL,'2016-05-10 23:10:17',NULL,'Windows 7','Chrome','58.62.100.130',NULL,NULL,NULL,NULL),(3242,NULL,'2016-05-10 23:17:34',NULL,'Windows 7','Chrome','58.62.102.78',NULL,NULL,NULL,NULL),(3243,NULL,'2016-05-10 23:34:12',NULL,'Windows 7','Chrome','116.234.97.225',NULL,NULL,NULL,NULL),(3244,NULL,'2016-05-10 23:34:14',NULL,'Windows 7','Chrome','116.234.97.225',NULL,NULL,NULL,NULL),(3245,NULL,'2016-05-11 11:25:05',NULL,'Windows 7','Chrome','120.52.24.23',NULL,NULL,NULL,NULL),(3246,NULL,'2016-05-11 11:27:08',NULL,'Windows 7','Chrome','120.52.24.23',NULL,NULL,NULL,NULL),(3247,NULL,'2016-05-11 11:27:44',NULL,'Windows 7','Chrome','120.52.24.23',NULL,NULL,NULL,NULL),(3248,NULL,'2016-05-11 11:28:20',NULL,'Windows 7','Chrome','120.52.24.23',NULL,NULL,NULL,NULL),(3249,NULL,'2016-05-11 11:30:51',NULL,'Windows 7','Chrome','117.149.19.136',NULL,NULL,NULL,NULL),(3250,NULL,'2016-05-11 11:32:46',NULL,'Windows 7','Chrome','120.52.24.23',NULL,NULL,NULL,NULL),(3251,NULL,'2016-05-11 12:17:41',NULL,'Windows 7','Chrome','120.52.24.23',NULL,NULL,NULL,NULL),(3252,NULL,'2016-05-11 12:19:59',NULL,'Windows 7','Chrome','120.52.24.23',NULL,NULL,NULL,NULL),(3253,NULL,'2016-05-11 12:32:46',NULL,'Windows 7','Chrome','120.52.24.23',NULL,NULL,NULL,NULL),(3254,NULL,'2016-05-11 12:48:56',NULL,'Mac OS X (iPhone)','Apple WebKit','223.104.5.230',NULL,NULL,NULL,NULL),(3255,NULL,'2016-05-11 13:06:35',NULL,'Windows 7','Internet Explorer 8','221.234.149.158',NULL,NULL,NULL,NULL),(3256,NULL,'2016-05-11 13:10:49',NULL,'Windows 7','Chrome','221.234.149.158',NULL,NULL,NULL,NULL),(3257,NULL,'2016-05-11 14:09:03',NULL,'Windows 7','Chrome','120.52.24.23',NULL,NULL,NULL,NULL),(3258,NULL,'2016-05-11 14:09:25',NULL,'Windows 7','Chrome','120.52.24.23',NULL,NULL,NULL,NULL),(3259,NULL,'2016-05-11 14:10:35',NULL,'Windows 7','Chrome','120.52.24.23',NULL,NULL,NULL,NULL),(3260,NULL,'2016-05-11 14:11:56',NULL,'Mac OS X','Safari','60.177.86.250',NULL,NULL,NULL,NULL),(3261,NULL,'2016-05-11 14:13:46',NULL,'Windows 7','Chrome','116.228.206.84',NULL,NULL,NULL,NULL),(3262,NULL,'2016-05-11 14:24:36',NULL,'Windows Vista','Mozilla','180.169.33.113',NULL,NULL,NULL,NULL),(3263,NULL,'2016-05-11 14:25:51',NULL,'Mac OS X (iPhone)','Apple WebKit','116.232.169.44',NULL,NULL,NULL,NULL),(3264,NULL,'2016-05-11 14:26:58',NULL,'Windows','Chrome','116.231.35.163',NULL,NULL,NULL,NULL),(3265,NULL,'2016-05-11 14:27:05',NULL,'Windows','Chrome','116.231.35.163',NULL,NULL,NULL,NULL),(3266,NULL,'2016-05-11 14:27:12',NULL,'Windows','Chrome','116.231.35.163',NULL,NULL,NULL,NULL),(3267,NULL,'2016-05-11 14:40:37',NULL,'Windows Vista','Chrome','58.51.169.3',NULL,NULL,NULL,NULL),(3268,NULL,'2016-05-11 14:40:53',NULL,'Windows 7','Chrome','183.62.60.90',NULL,NULL,NULL,NULL),(3269,NULL,'2016-05-11 14:41:03',NULL,'Windows 7','Chrome','222.35.39.217',NULL,NULL,NULL,NULL),(3270,NULL,'2016-05-11 14:43:44',NULL,'Windows 7','Chrome','120.52.24.23',NULL,NULL,NULL,NULL),(3271,NULL,'2016-05-11 14:43:53',NULL,'Windows','Chrome','116.231.35.163',NULL,NULL,NULL,NULL),(3272,NULL,'2016-05-11 14:50:15',NULL,'Windows','Chrome','116.231.35.163',NULL,NULL,NULL,NULL),(3273,NULL,'2016-05-11 14:50:48',NULL,'Windows','Chrome','116.231.35.163',NULL,NULL,NULL,NULL),(3274,NULL,'2016-05-11 15:01:55',NULL,'Windows 7','Chrome','221.216.149.184',NULL,NULL,NULL,NULL),(3275,NULL,'2016-05-11 15:04:24',NULL,'Windows 7','Chrome','221.216.149.184',NULL,NULL,NULL,NULL),(3276,NULL,'2016-05-11 15:05:42',NULL,'Windows 7','Chrome','221.216.149.184',NULL,NULL,NULL,NULL),(3277,NULL,'2016-05-11 15:05:58',NULL,'Windows 7','Chrome','221.216.149.184',NULL,NULL,NULL,NULL),(3278,NULL,'2016-05-11 15:06:04',NULL,'Windows 7','Chrome','221.216.149.184',NULL,NULL,NULL,NULL),(3279,NULL,'2016-05-11 15:18:03',NULL,'Windows','Chrome','113.92.218.109',NULL,NULL,NULL,NULL),(3280,NULL,'2016-05-11 15:20:00',NULL,'Windows 7','Chrome','222.35.39.217',NULL,NULL,NULL,NULL),(3281,NULL,'2016-05-11 15:20:49',NULL,'Windows 7','Chrome','175.162.120.150',NULL,NULL,NULL,NULL),(3282,NULL,'2016-05-11 18:16:58',NULL,'Windows 7','Chrome','120.52.24.23',NULL,NULL,NULL,NULL),(3283,NULL,'2016-05-11 18:19:28',NULL,'Windows 7','Chrome','120.52.24.23',NULL,NULL,NULL,NULL),(3284,NULL,'2016-05-11 19:11:20',NULL,'Windows XP','Firefox 4','112.95.12.26',NULL,NULL,NULL,NULL),(3285,NULL,'2016-05-11 19:19:39',NULL,'Mac OS X (iPhone)','Apple WebKit','114.104.231.60',NULL,NULL,NULL,NULL),(3286,NULL,'2016-05-11 19:20:28',NULL,'Mac OS X (iPhone)','Apple WebKit','114.104.231.60',NULL,NULL,NULL,NULL),(3287,NULL,'2016-05-11 20:23:38',NULL,'Windows 7','Chrome','116.234.97.225',NULL,NULL,NULL,NULL),(3288,NULL,'2016-05-12 09:02:18',NULL,'Windows 7','Chrome','180.169.33.113',NULL,NULL,NULL,NULL),(3289,NULL,'2016-05-12 09:11:36',NULL,'Windows 7','Firefox 4','120.197.24.209',NULL,NULL,NULL,NULL),(3290,NULL,'2016-05-12 09:35:08',NULL,'Windows 7','Chrome','120.52.24.23',NULL,NULL,NULL,NULL),(3291,NULL,'2016-05-12 09:41:31',NULL,'Mac OS X','Safari','60.206.194.34',NULL,NULL,NULL,NULL),(3292,NULL,'2016-05-12 09:42:27',NULL,'Windows','Chrome','180.173.20.133',NULL,NULL,NULL,NULL),(3293,NULL,'2016-05-12 09:43:07',NULL,'Windows','Chrome','180.173.20.133',NULL,NULL,NULL,NULL),(3294,NULL,'2016-05-12 09:44:53',NULL,'Windows','Chrome','180.173.20.133',NULL,NULL,NULL,NULL),(3295,NULL,'2016-05-12 09:48:34',NULL,'Windows Vista','Chrome','218.93.112.174',NULL,NULL,NULL,NULL),(3296,NULL,'2016-05-12 10:11:38',NULL,'Windows 7','Chrome','120.52.24.23',NULL,NULL,NULL,NULL),(3297,NULL,'2016-05-12 10:26:43',NULL,'Windows','Chrome','112.80.152.215',NULL,NULL,NULL,NULL),(3298,NULL,'2016-05-12 10:30:01',NULL,'Windows','Chrome','112.80.152.215',NULL,NULL,NULL,NULL),(3299,NULL,'2016-05-12 10:43:22',NULL,'Windows 7','Chrome','127.0.0.1',NULL,NULL,NULL,NULL),(3300,NULL,'2016-05-12 10:47:09',NULL,'Windows 7','Chrome','127.0.0.1',NULL,NULL,NULL,NULL),(3301,NULL,'2016-05-12 10:51:22',NULL,'Windows 7','Chrome','127.0.0.1',NULL,NULL,NULL,NULL),(3302,NULL,'2016-05-12 14:23:19',NULL,'Windows 7','Chrome','120.52.24.23',NULL,NULL,NULL,NULL),(3303,NULL,'2016-05-12 14:24:08',NULL,'Windows','Chrome','116.231.35.163',NULL,NULL,NULL,NULL),(3304,NULL,'2016-05-12 14:25:37',NULL,'Windows 7','Chrome','36.110.25.198',NULL,NULL,NULL,NULL),(3305,NULL,'2016-05-12 14:30:23',NULL,'Windows 7','Chrome','120.52.24.23',NULL,NULL,NULL,NULL),(3306,NULL,'2016-05-12 14:31:00',NULL,'Windows 7','Chrome','171.217.146.120',NULL,NULL,NULL,NULL),(3307,NULL,'2016-05-12 14:31:30',NULL,'Windows 7','Firefox 4','1.193.60.113',NULL,NULL,NULL,NULL),(3308,NULL,'2016-05-12 14:31:36',NULL,'Windows 7','Chrome','218.205.194.33',NULL,NULL,NULL,NULL),(3309,NULL,'2016-05-12 14:31:44',NULL,'Windows','Mozilla','218.6.169.95',NULL,NULL,NULL,NULL),(3310,NULL,'2016-05-12 14:32:21',NULL,'Windows Vista','Mozilla','221.178.182.205',NULL,NULL,NULL,NULL),(3311,NULL,'2016-05-12 14:32:39',NULL,'Windows 7','Chrome','124.207.181.82',NULL,NULL,NULL,NULL),(3312,NULL,'2016-05-12 14:32:41',NULL,'Windows 7','Chrome','120.52.24.23',NULL,NULL,NULL,NULL),(3313,NULL,'2016-05-12 14:32:43',NULL,'Windows','Chrome','124.127.102.41',NULL,NULL,NULL,NULL),(3314,NULL,'2016-05-12 14:33:11',NULL,'Windows 7','Chrome','113.108.139.178',NULL,NULL,NULL,NULL),(3315,NULL,'2016-05-12 14:33:19',NULL,'Windows','Chrome','121.57.47.59',NULL,NULL,NULL,NULL),(3316,NULL,'2016-05-12 14:33:21',NULL,'Windows XP','Internet Explorer 7','58.209.161.84',NULL,NULL,NULL,NULL),(3317,NULL,'2016-05-12 14:33:49',NULL,'Windows 7','Firefox 4','59.56.4.91',NULL,NULL,NULL,NULL),(3318,NULL,'2016-05-12 14:34:14',NULL,'Windows XP','Internet Explorer 8','42.93.104.218',NULL,NULL,NULL,NULL),(3319,NULL,'2016-05-12 14:34:44',NULL,'Windows 7','Chrome','124.42.1.10',NULL,NULL,NULL,NULL),(3320,NULL,'2016-05-12 14:34:47',NULL,'Windows 7','Chrome','218.104.155.137',NULL,NULL,NULL,NULL),(3321,NULL,'2016-05-12 14:35:32',NULL,'Windows XP','Chrome','42.93.104.218',NULL,NULL,NULL,NULL),(3322,NULL,'2016-05-12 14:35:50',NULL,'Windows 7','Chrome','103.254.112.58',NULL,NULL,NULL,NULL),(3323,NULL,'2016-05-12 14:35:52',NULL,'Windows','Chrome','111.126.230.47',NULL,NULL,NULL,NULL),(3324,NULL,'2016-05-12 14:36:07',NULL,'Windows','Chrome','111.126.230.47',NULL,NULL,NULL,NULL),(3325,NULL,'2016-05-12 14:36:20',NULL,'Windows 7','Chrome','180.173.88.122',NULL,NULL,NULL,NULL),(3326,NULL,'2016-05-12 14:36:32',NULL,'Windows 7','Chrome','14.222.161.52',NULL,NULL,NULL,NULL),(3327,NULL,'2016-05-12 14:36:42',NULL,'Windows','Chrome','124.127.102.41',NULL,NULL,NULL,NULL),(3328,NULL,'2016-05-12 14:36:46',NULL,'Windows XP','Chrome','113.92.233.175',NULL,NULL,NULL,NULL),(3329,NULL,'2016-05-12 14:37:07',NULL,'Windows 7','Firefox 4','223.88.68.87',NULL,NULL,NULL,NULL),(3330,NULL,'2016-05-12 14:38:45',NULL,'Windows 7','Chrome','120.52.24.23',NULL,NULL,NULL,NULL),(3331,NULL,'2016-05-12 14:38:50',NULL,'Windows 7','Chrome','159.226.43.35',NULL,NULL,NULL,NULL),(3332,NULL,'2016-05-12 14:38:52',NULL,'Windows','Chrome','222.182.112.23',NULL,NULL,NULL,NULL),(3333,NULL,'2016-05-12 14:39:22',NULL,'Windows','Chrome','222.182.112.23',NULL,NULL,NULL,NULL),(3334,NULL,'2016-05-12 14:39:25',NULL,'Windows Vista','Chrome','61.139.21.170',NULL,NULL,NULL,NULL),(3335,NULL,'2016-05-12 14:39:28',NULL,'Windows','Chrome','222.182.112.23',NULL,NULL,NULL,NULL),(3336,NULL,'2016-05-12 14:39:56',NULL,'Windows 7','Firefox 4','120.52.24.23',NULL,NULL,NULL,NULL),(3337,NULL,'2016-05-12 14:40:01',NULL,'Windows 7','Firefox 4','120.52.24.23',NULL,NULL,NULL,NULL),(3338,NULL,'2016-05-12 14:40:27',NULL,'Windows XP','Chrome','113.92.233.175',NULL,NULL,NULL,NULL),(3339,NULL,'2016-05-12 14:41:38',NULL,'Windows Vista','Chrome','61.139.20.32',NULL,NULL,NULL,NULL),(3340,NULL,'2016-05-12 14:42:30',NULL,'Windows 7','Chrome','14.147.144.17',NULL,NULL,NULL,NULL),(3341,NULL,'2016-05-12 14:43:42',NULL,'Windows 7','Chrome','103.254.67.40',NULL,NULL,NULL,NULL),(3342,NULL,'2016-05-12 14:44:14',NULL,'Windows 7','Chrome','101.81.49.159',NULL,NULL,NULL,NULL),(3343,NULL,'2016-05-12 14:44:32',NULL,'Windows','Chrome','116.231.35.163',NULL,NULL,NULL,NULL),(3344,NULL,'2016-05-12 14:44:38',NULL,'Mac OS X (iPhone)','Apple WebKit','223.104.3.149',NULL,NULL,NULL,NULL),(3345,NULL,'2016-05-12 14:45:00',NULL,'Windows 7','Chrome','117.135.212.108',NULL,NULL,NULL,NULL),(3346,NULL,'2016-05-12 14:45:22',NULL,'Windows 7','Chrome','58.62.103.92',NULL,NULL,NULL,NULL),(3347,NULL,'2016-05-12 14:47:04',NULL,'Windows 7','Chrome','59.57.3.150',NULL,NULL,NULL,NULL),(3348,NULL,'2016-05-12 14:47:06',NULL,'Windows','Chrome','116.228.9.78',NULL,NULL,NULL,NULL),(3349,NULL,'2016-05-12 14:47:10',NULL,'Windows 7','Chrome','120.52.24.23',NULL,NULL,NULL,NULL),(3350,NULL,'2016-05-12 14:47:13',NULL,'Windows 7','Chrome','120.52.24.23',NULL,NULL,NULL,NULL),(3351,NULL,'2016-05-12 14:47:16',NULL,'Windows','Mozilla','218.6.169.95',NULL,NULL,NULL,NULL),(3352,NULL,'2016-05-12 14:47:19',NULL,'Windows 7','Chrome','120.52.24.23',NULL,NULL,NULL,NULL),(3353,NULL,'2016-05-12 14:49:01',NULL,'Windows 7','Chrome','120.52.24.23',NULL,NULL,NULL,NULL),(3354,NULL,'2016-05-12 14:49:16',NULL,'Windows 7','Chrome','120.52.24.23',NULL,NULL,NULL,NULL),(3355,NULL,'2016-05-12 14:53:30',NULL,'Windows 7','Firefox 4','121.235.19.146',NULL,NULL,NULL,NULL),(3356,NULL,'2016-05-12 14:53:34',NULL,'Android','Chrome','223.104.3.146',NULL,NULL,NULL,NULL),(3357,NULL,'2016-05-12 14:53:49',NULL,'Windows 7','Firefox 4','121.235.19.146',NULL,NULL,NULL,NULL),(3358,NULL,'2016-05-12 14:57:54',NULL,'Windows 7','Chrome','121.34.192.231',NULL,NULL,NULL,NULL),(3359,NULL,'2016-05-12 15:03:21',NULL,'Windows Vista','Chrome','116.231.224.17',NULL,NULL,NULL,NULL),(3360,NULL,'2016-05-12 15:05:40',NULL,'Windows Vista','Chrome','218.93.112.174',NULL,NULL,NULL,NULL),(3361,NULL,'2016-05-12 15:19:22',NULL,'Windows 7','Chrome','120.52.24.23',NULL,NULL,NULL,NULL),(3362,NULL,'2016-05-12 15:47:22',NULL,'Windows Vista','Chrome','116.231.224.17',NULL,NULL,NULL,NULL),(3363,NULL,'2016-05-12 17:23:29',NULL,'Windows XP','Chrome','113.92.233.175',NULL,NULL,NULL,NULL),(3364,NULL,'2016-05-12 17:23:31',NULL,'Windows XP','Chrome','113.92.233.175',NULL,NULL,NULL,NULL),(3365,NULL,'2016-05-12 17:51:34',NULL,'Windows','Chrome','118.242.19.30',NULL,NULL,NULL,NULL),(3366,NULL,'2016-05-12 17:51:54',NULL,'Windows 7','Chrome','121.34.192.231',NULL,NULL,NULL,NULL),(3367,NULL,'2016-05-12 17:52:53',NULL,'Windows','Chrome','118.242.19.30',NULL,NULL,NULL,NULL),(3368,NULL,'2016-05-12 17:57:16',NULL,'Windows 7','Firefox 4','111.0.249.144',NULL,NULL,NULL,NULL),(3369,NULL,'2016-05-12 18:01:36',NULL,'Windows 7','Chrome','121.34.192.231',NULL,NULL,NULL,NULL),(3370,NULL,'2016-05-12 18:01:42',NULL,'Windows 7','Chrome','121.34.192.231',NULL,NULL,NULL,NULL),(3371,NULL,'2016-05-12 21:38:11',NULL,'Android','Chrome','171.221.142.180',NULL,NULL,NULL,NULL),(3372,NULL,'2016-05-12 21:57:13',NULL,'Mac OS X','Chrome','119.39.102.11',NULL,NULL,NULL,NULL),(3373,NULL,'2016-05-12 22:52:19',NULL,'Windows 7','Firefox 4','119.139.136.13',NULL,NULL,NULL,NULL),(3374,NULL,'2016-05-12 23:44:05',NULL,'Windows XP','Chrome','113.92.233.175',NULL,NULL,NULL,NULL),(3375,NULL,'2016-05-12 23:44:09',NULL,'Windows XP','Chrome','113.92.233.175',NULL,NULL,NULL,NULL),(3376,NULL,'2016-05-13 09:27:39',NULL,'Windows 7','Chrome','119.161.239.68',NULL,NULL,NULL,NULL),(3377,NULL,'2016-05-13 09:31:09',NULL,'Windows 7','Chrome','119.161.239.68',NULL,NULL,NULL,NULL),(3378,NULL,'2016-05-13 11:36:38',NULL,'Windows 7','Chrome','61.135.194.168',NULL,NULL,NULL,NULL),(3379,NULL,'2016-05-13 12:13:40',NULL,'Windows 7','Chrome','61.135.194.168',NULL,NULL,NULL,NULL),(3380,NULL,'2016-05-13 12:14:21',NULL,'Windows 7','Chrome','61.135.194.168',NULL,NULL,NULL,NULL),(3381,NULL,'2016-05-13 12:14:38',NULL,'Windows 7','Chrome','61.135.194.168',NULL,NULL,NULL,NULL),(3382,NULL,'2016-05-13 12:21:07',NULL,'Windows 7','Chrome','127.0.0.1',NULL,NULL,NULL,NULL),(3383,NULL,'2016-05-13 12:21:19',NULL,'Windows 7','Chrome','127.0.0.1',NULL,NULL,NULL,NULL),(3384,NULL,'2016-05-13 12:22:08',NULL,'Windows 7','Chrome','127.0.0.1',NULL,NULL,NULL,NULL),(3385,NULL,'2016-05-13 12:24:48',NULL,'Windows 7','Chrome','127.0.0.1',NULL,NULL,NULL,NULL),(3386,NULL,'2016-05-13 12:26:08',NULL,'Windows 7','Chrome','127.0.0.1',NULL,NULL,NULL,NULL),(3387,NULL,'2016-05-13 12:27:53',NULL,'Windows 7','Chrome','127.0.0.1',NULL,NULL,NULL,NULL),(3388,NULL,'2016-05-13 12:32:58',NULL,'Windows 7','Chrome','127.0.0.1',NULL,NULL,NULL,NULL),(3389,NULL,'2016-05-13 12:36:49',NULL,'Windows 7','Chrome','127.0.0.1',NULL,NULL,NULL,NULL),(3390,NULL,'2016-05-13 12:40:59',NULL,'Windows 7','Chrome','61.135.194.168',NULL,NULL,NULL,NULL),(3391,NULL,'2016-05-13 12:41:32',NULL,'Windows 7','Chrome','61.135.194.168',NULL,NULL,NULL,NULL),(3392,NULL,'2016-05-13 12:41:36',NULL,'Mac OS X (iPhone)','Apple WebKit','183.62.60.90',NULL,NULL,NULL,NULL),(3393,NULL,'2016-05-13 12:41:54',NULL,'Windows 7','Chrome','202.101.102.203',NULL,NULL,NULL,NULL),(3394,NULL,'2016-05-13 12:42:46',NULL,'Windows 7','Chrome','61.135.194.168',NULL,NULL,NULL,NULL),(3395,NULL,'2016-05-13 12:42:48',NULL,'Windows 7','Chrome','36.110.25.198',NULL,NULL,NULL,NULL),(3396,NULL,'2016-05-13 12:44:42',NULL,'Mac OS X','Safari','101.81.56.138',NULL,NULL,NULL,NULL),(3397,NULL,'2016-05-13 12:44:58',NULL,'Windows','Mozilla','218.6.169.95',NULL,NULL,NULL,NULL),(3398,NULL,'2016-05-13 12:46:46',NULL,'Android 4.x','Chrome','58.19.3.178',NULL,NULL,NULL,NULL),(3399,NULL,'2016-05-13 12:47:11',NULL,'Windows 7','Chrome','36.110.25.198',NULL,NULL,NULL,NULL),(3400,NULL,'2016-05-13 12:48:30',NULL,'Windows 7','Chrome','59.46.46.164',NULL,NULL,NULL,NULL),(3401,NULL,'2016-05-13 12:58:22',NULL,'Windows 7','Chrome','182.108.10.72',NULL,NULL,NULL,NULL),(3402,NULL,'2016-05-13 12:59:15',NULL,'Windows 7','Chrome','182.108.10.72',NULL,NULL,NULL,NULL),(3403,NULL,'2016-05-13 13:02:52',NULL,'Windows 7','Chrome','36.110.25.198',NULL,NULL,NULL,NULL),(3404,NULL,'2016-05-13 13:03:01',NULL,'Android','Chrome','58.218.250.42',NULL,NULL,NULL,NULL),(3405,NULL,'2016-05-13 13:03:41',NULL,'Android','Chrome','58.218.250.42',NULL,NULL,NULL,NULL),(3406,NULL,'2016-05-13 13:03:49',NULL,'Windows 7','Mozilla','222.85.139.101',NULL,NULL,NULL,NULL),(3407,NULL,'2016-05-13 13:10:04',NULL,'Windows 7','Chrome','61.135.194.168',NULL,NULL,NULL,NULL),(3408,NULL,'2016-05-13 13:11:24',NULL,'Windows 7','Chrome','49.77.187.121',NULL,NULL,NULL,NULL),(3409,NULL,'2016-05-13 13:12:36',NULL,'Windows 7','Chrome','58.218.250.42',NULL,NULL,NULL,NULL),(3410,NULL,'2016-05-13 13:12:43',NULL,'Windows 7','Chrome','36.110.25.198',NULL,NULL,NULL,NULL),(3411,NULL,'2016-05-13 13:13:24',NULL,'Windows 7','Chrome','36.110.25.198',NULL,NULL,NULL,NULL),(3412,NULL,'2016-05-13 13:13:37',NULL,'Windows 7','Chrome','36.110.25.198',NULL,NULL,NULL,NULL),(3413,NULL,'2016-05-13 13:13:52',NULL,'Mac OS X (iPhone)','Apple WebKit','223.104.18.218',NULL,NULL,NULL,NULL);

/*Table structure for table `login_log` */

DROP TABLE IF EXISTS `login_log`;

CREATE TABLE `login_log` (
  `id` int(11) NOT NULL AUTO_INCREMENT,
  `account` varchar(255) COLLATE utf8_bin NOT NULL COMMENT '账号',
  `login_ip` varchar(100) COLLATE utf8_bin NOT NULL COMMENT '登陆ip',
  `login_time` datetime NOT NULL COMMENT '登陆时间',
  `detail_address` varchar(255) COLLATE utf8_bin DEFAULT NULL COMMENT '详细地址信息',
  `province` varchar(255) COLLATE utf8_bin DEFAULT NULL COMMENT '省',
  `city` varchar(255) COLLATE utf8_bin DEFAULT NULL COMMENT '城市',
  `city_code` varchar(255) COLLATE utf8_bin DEFAULT NULL COMMENT '城市id',
  `address` varchar(255) COLLATE utf8_bin DEFAULT NULL COMMENT '地址',
  `point_x` decimal(11,8) DEFAULT NULL COMMENT '经度',
  `point_y` decimal(10,8) DEFAULT NULL COMMENT '纬度',
  PRIMARY KEY (`id`)
) ENGINE=InnoDB AUTO_INCREMENT=48 DEFAULT CHARSET=utf8 COLLATE=utf8_bin;

/*Data for the table `login_log` */

insert  into `login_log`(`id`,`account`,`login_ip`,`login_time`,`detail_address`,`province`,`city`,`city_code`,`address`,`point_x`,`point_y`) values (21,'super','61.135.194.168','2016-05-13 12:13:39','CN|北京|北京|None|UNICOM|0|0','北京市','北京市','131','北京市','116.40387397','39.91488908'),(27,'super','61.135.194.168','2016-05-13 12:41:32','CN|北京|北京|None|UNICOM|0|0','北京市','北京市','131','北京市','116.40387397','39.91488908'),(28,'admin','183.62.60.90','2016-05-13 12:41:35','CN|广东|广州|None|CHINANET|0|0','广东省','广州市','257','广东省广州市','113.30764968','23.12004910'),(29,'admin','202.101.102.203','2016-05-13 12:41:54','CN|福建|福州|None|CHINANET|0|0','福建省','福州市','300','福建省福州市','119.33022111','26.04712550'),(30,'super','61.135.194.168','2016-05-13 12:42:46','CN|北京|北京|None|UNICOM|0|0','北京市','北京市','131','北京市','116.40387397','39.91488908'),(31,'admin','36.110.25.198','2016-05-13 12:42:48','CN|北京|北京|None|CHINANET|0|0','北京市','北京市','131','北京市','116.40387397','39.91488908'),(32,'admin','101.81.56.138','2016-05-13 12:44:42','CN|上海|上海|None|CHINANET|0|0','上海市','上海市','289','上海市','121.48789949','31.24916171'),(33,'admin','218.6.169.95','2016-05-13 12:44:58','CN|四川|成都|None|CHINANET|0|0','四川省','成都市','75','四川省成都市','104.06792346','30.67994285'),(34,'admin','58.19.3.178','2016-05-13 12:46:46','CN|湖北|武汉|None|UNICOM|0|0','湖北省','武汉市','218','湖北省武汉市','114.31620010','30.58108413'),(35,'admin','59.46.46.164','2016-05-13 12:48:30','CN|辽宁|沈阳|None|CHINANET|0|0','辽宁省','沈阳市','58','辽宁省沈阳市','123.43279092','41.80864478'),(36,'admin','182.108.10.72','2016-05-13 12:58:22','CN|江西|南昌|None|CHINANET|0|0','江西省','南昌市','163','江西省南昌市','115.89352755','28.68957800'),(37,'admin','182.108.10.72','2016-05-13 12:59:15','CN|江西|南昌|None|CHINANET|0|0','江西省','南昌市','163','江西省南昌市','115.89352755','28.68957800'),(38,'admin','58.218.250.42','2016-05-13 13:03:01','CN|江苏|徐州|None|CHINANET|0|0','江苏省','徐州市','316','江苏省徐州市','117.18810662','34.27155343'),(39,'admin','58.218.250.42','2016-05-13 13:03:41','CN|江苏|徐州|None|CHINANET|0|0','江苏省','徐州市','316','江苏省徐州市','117.18810662','34.27155343'),(40,'admin','222.85.139.101','2016-05-13 13:03:49','CN|贵州|贵阳|None|CHINANET|0|0','贵州省','贵阳市','146','贵州省贵阳市','106.70917710','26.62990674'),(41,'super','61.135.194.168','2016-05-13 13:10:04','CN|北京|北京|None|UNICOM|0|0','北京市','北京市','131','北京市','116.40387397','39.91488908'),(42,'admin','49.77.187.121','2016-05-13 13:11:24','CN|江苏|南京|None|CHINANET|0|0','江苏省','南京市','315','江苏省南京市','118.77807441','32.05723550'),(43,'admin','58.218.250.42','2016-05-13 13:12:35','CN|江苏|徐州|None|CHINANET|0|0','江苏省','徐州市','316','江苏省徐州市','117.18810662','34.27155343'),(44,'admin','36.110.25.198','2016-05-13 13:12:43','CN|北京|北京|None|CHINANET|0|0','北京市','北京市','131','北京市','116.40387397','39.91488908'),(45,'admin','36.110.25.198','2016-05-13 13:13:24','CN|北京|北京|None|CHINANET|0|0','北京市','北京市','131','北京市','116.40387397','39.91488908'),(46,'admin','36.110.25.198','2016-05-13 13:13:37','CN|北京|北京|None|CHINANET|0|0','北京市','北京市','131','北京市','116.40387397','39.91488908'),(47,'admin','223.104.18.218','2016-05-13 13:13:52','CN|安徽|合肥|None|CMNET|0|0','安徽省','合肥市','127','安徽省合肥市','117.28269909','31.86694226');

/*Table structure for table `mail` */

DROP TABLE IF EXISTS `mail`;

CREATE TABLE `mail` (
  `id` int(11) NOT NULL AUTO_INCREMENT,
  `name` varchar(100) COLLATE utf8_bin DEFAULT NULL,
  `status` char(2) COLLATE utf8_bin DEFAULT NULL,
  PRIMARY KEY (`id`)
) ENGINE=InnoDB AUTO_INCREMENT=8 DEFAULT CHARSET=utf8 COLLATE=utf8_bin;

/*Data for the table `mail` */

insert  into `mail`(`id`,`name`,`status`) values (1,'190298207@qq.com','1'),(7,'247184480@qq.com','1');

/*Table structure for table `organization` */

DROP TABLE IF EXISTS `organization`;

CREATE TABLE `organization` (
  `id` int(9) NOT NULL AUTO_INCREMENT,
  `org_name` varchar(255) NOT NULL,
  `pid` int(9) DEFAULT NULL,
  `org_type` varchar(255) DEFAULT NULL,
  `org_sort` int(3) DEFAULT '0',
  `org_level` int(3) DEFAULT NULL,
  `org_code` varchar(255) DEFAULT NULL,
  `area_id` int(9) DEFAULT NULL,
  PRIMARY KEY (`id`)
) ENGINE=InnoDB AUTO_INCREMENT=3 DEFAULT CHARSET=utf8;

/*Data for the table `organization` */

insert  into `organization`(`id`,`org_name`,`pid`,`org_type`,`org_sort`,`org_level`,`org_code`,`area_id`) values (1,'总部',NULL,'总部',1,1,'000000',NULL),(2,'12313',1,'13',31,131,'131313',1);

/*Table structure for table `permission` */

DROP TABLE IF EXISTS `permission`;

CREATE TABLE `permission` (
  `ID` int(11) NOT NULL AUTO_INCREMENT,
  `PID` int(11) DEFAULT NULL COMMENT '父节点名称',
  `NAME` varchar(50) NOT NULL COMMENT '名称',
  `TYPE` varchar(20) DEFAULT NULL COMMENT '类型:菜单or功能',
  `SORT` int(11) DEFAULT NULL COMMENT '排序',
  `URL` varchar(255) DEFAULT NULL,
  `PERM_CODE` varchar(50) DEFAULT NULL COMMENT '菜单编码',
  `ICON` varchar(255) DEFAULT NULL,
  `STATE` varchar(10) DEFAULT NULL,
  `DESCRIPTION` text,
  PRIMARY KEY (`ID`)
) ENGINE=InnoDB AUTO_INCREMENT=122 DEFAULT CHARSET=utf8;

/*Data for the table `permission` */

insert  into `permission`(`ID`,`PID`,`NAME`,`TYPE`,`SORT`,`URL`,`PERM_CODE`,`ICON`,`STATE`,`DESCRIPTION`) values (1,NULL,'系统管理','F',1,'','','icon-standard-cog','',''),(2,1,'角色管理','F',3,'/role/list','','icon-hamburg-my-account','closed',''),(3,1,'用户管理','F',2,'/user/list','','icon-hamburg-user','closed',''),(4,2,'添加','O',NULL,'','sys:role:add','','','角色添加'),(7,3,'添加','O',NULL,'','sys:user:add','','','用户添加'),(12,1,'权限管理','F',5,'/function/list','','icon-hamburg-login','closed',''),(14,15,'数据源监控','F',6,'/druid','','icon-hamburg-database','',''),(15,NULL,'系统监控','F',5,'','','icon-hamburg-graphic','',''),(20,15,'日志记录管理','F',7,'/log/list','','icon-hamburg-archives','',''),(37,15,'定时任务管理','F',NULL,'/schedule/list','','icon-hamburg-full-time',NULL,'定时任务管理，支持集群'),(39,1,'菜单管理','F',4,'/permission/list','','icon-hamburg-old-versions',NULL,''),(45,39,'修改','O',NULL,'','sys:perm:update',NULL,NULL,'菜单管理'),(58,39,'添加','O',NULL,'','sys:perm:add',NULL,NULL,'菜单管理'),(59,39,'删除','O',NULL,'','sys:perm:delete',NULL,NULL,'菜单管理'),(61,40,'添加','O',NULL,'','sys:dict:add',NULL,NULL,'字典管理'),(62,40,'删除','O',NULL,'','sys:dict:delete',NULL,NULL,'字典管理'),(63,40,'修改','O',NULL,'','sys:dict:update',NULL,NULL,'字典管理'),(69,40,'查看','O',NULL,'','sys:dict:view',NULL,NULL,'字典管理'),(70,39,'查看','O',NULL,'','sys:perm:menu:view',NULL,NULL,'菜单管理'),(72,71,'酒店列表','F',NULL,'shop/goods',NULL,'icon-hamburg-product',NULL,'商品管理'),(73,71,'房型管理','F',NULL,'shop/goodsType',NULL,'icon-hamburg-milestone',NULL,'商品类型'),(78,NULL,'城市管理',NULL,NULL,NULL,NULL,NULL,NULL,NULL),(79,78,'城市列表',NULL,NULL,'/city/list',NULL,NULL,NULL,NULL),(80,78,'线路列表',NULL,NULL,'/line/list',NULL,NULL,NULL,NULL),(92,15,'邮件发送管理',NULL,NULL,'/email/list',NULL,NULL,NULL,'发送邮件信息'),(93,79,'添加城市',NULL,NULL,NULL,'sys:city:add',NULL,NULL,'添加城市'),(94,79,'删除城市',NULL,NULL,NULL,'sys:city:delete',NULL,NULL,''),(95,80,'添加线路',NULL,NULL,NULL,'sys:line:add',NULL,NULL,'添加线路'),(96,80,'删除线路',NULL,NULL,NULL,'sys:line:delete',NULL,NULL,''),(97,3,'删除用户',NULL,NULL,NULL,'sys:user:delete',NULL,NULL,'删除用户'),(98,3,'设置角色',NULL,NULL,NULL,'sys:user:toRole',NULL,NULL,'设置角色'),(99,2,'修改',NULL,NULL,NULL,'sys:role:update',NULL,NULL,''),(100,39,'子菜单-添加',NULL,NULL,NULL,'sys:subperm:add',NULL,NULL,''),(101,39,'子菜单-修改',NULL,NULL,NULL,'sys:subperm:update',NULL,NULL,''),(102,39,'子菜单-删除',NULL,NULL,NULL,'sys:subperm:delete',NULL,NULL,''),(103,12,'添加权限',NULL,NULL,NULL,'sys:permission:add',NULL,NULL,''),(104,12,'修改权限',NULL,NULL,NULL,'sys:permission:update',NULL,NULL,'修改权限'),(105,12,'删除权限',NULL,NULL,NULL,'sys:permission:delete',NULL,NULL,'删除权限'),(106,NULL,'系统统计',NULL,NULL,'',NULL,NULL,NULL,'统计系统访问量'),(107,106,'访问统计',NULL,NULL,'/logcount/index',NULL,NULL,NULL,''),(108,37,'定时添加',NULL,NULL,NULL,'sys:quartz:add',NULL,NULL,'定时添加'),(109,37,'定时删除',NULL,NULL,NULL,'sys:quartz:delete',NULL,NULL,'定时删除'),(110,92,'邮件删除',NULL,NULL,NULL,'sys:email:delete',NULL,NULL,'邮件删除'),(111,37,'立即执行一次',NULL,NULL,NULL,'sys:quartz:start',NULL,NULL,''),(112,37,'暂停',NULL,NULL,NULL,'sys:quartz:stop',NULL,NULL,''),(113,37,'恢复',NULL,NULL,NULL,'sys:quartz:resume',NULL,NULL,''),(114,79,'修改城市',NULL,NULL,NULL,'sys:city:update',NULL,NULL,''),(115,79,'区域删除',NULL,NULL,NULL,'sys:area:delete',NULL,NULL,''),(116,79,'区域修改',NULL,NULL,NULL,'sys:area:update',NULL,NULL,''),(117,80,'删除站名',NULL,NULL,NULL,'sys:station:delete',NULL,NULL,''),(118,NULL,'酒店管理',NULL,NULL,'',NULL,NULL,NULL,'mjyft'),(119,118,'酒店列表',NULL,NULL,'/hotel/list',NULL,NULL,NULL,''),(120,118,'房间列表',NULL,NULL,'/room/list',NULL,NULL,NULL,''),(121,106,'百度统计',NULL,NULL,'/baidu/list',NULL,NULL,NULL,'');

/*Table structure for table `qrtz_blob_triggers` */

DROP TABLE IF EXISTS `qrtz_blob_triggers`;

CREATE TABLE `qrtz_blob_triggers` (
  `SCHED_NAME` varchar(120) COLLATE utf8_bin NOT NULL,
  `TRIGGER_NAME` varchar(200) COLLATE utf8_bin NOT NULL,
  `TRIGGER_GROUP` varchar(200) COLLATE utf8_bin NOT NULL,
  `BLOB_DATA` blob,
  PRIMARY KEY (`SCHED_NAME`,`TRIGGER_NAME`,`TRIGGER_GROUP`),
  KEY `SCHED_NAME` (`SCHED_NAME`,`TRIGGER_NAME`,`TRIGGER_GROUP`),
  CONSTRAINT `qrtz_blob_triggers_ibfk_1` FOREIGN KEY (`SCHED_NAME`, `TRIGGER_NAME`, `TRIGGER_GROUP`) REFERENCES `qrtz_triggers` (`SCHED_NAME`, `TRIGGER_NAME`, `TRIGGER_GROUP`)
) ENGINE=InnoDB DEFAULT CHARSET=utf8 COLLATE=utf8_bin;

/*Data for the table `qrtz_blob_triggers` */

/*Table structure for table `qrtz_calendars` */

DROP TABLE IF EXISTS `qrtz_calendars`;

CREATE TABLE `qrtz_calendars` (
  `SCHED_NAME` varchar(120) COLLATE utf8_bin NOT NULL,
  `CALENDAR_NAME` varchar(200) COLLATE utf8_bin NOT NULL,
  `CALENDAR` blob NOT NULL,
  PRIMARY KEY (`SCHED_NAME`,`CALENDAR_NAME`)
) ENGINE=InnoDB DEFAULT CHARSET=utf8 COLLATE=utf8_bin;

/*Data for the table `qrtz_calendars` */

/*Table structure for table `qrtz_cron_triggers` */

DROP TABLE IF EXISTS `qrtz_cron_triggers`;

CREATE TABLE `qrtz_cron_triggers` (
  `SCHED_NAME` varchar(120) COLLATE utf8_bin NOT NULL,
  `TRIGGER_NAME` varchar(200) COLLATE utf8_bin NOT NULL,
  `TRIGGER_GROUP` varchar(200) COLLATE utf8_bin NOT NULL,
  `CRON_EXPRESSION` varchar(120) COLLATE utf8_bin NOT NULL,
  `TIME_ZONE_ID` varchar(80) COLLATE utf8_bin DEFAULT NULL,
  PRIMARY KEY (`SCHED_NAME`,`TRIGGER_NAME`,`TRIGGER_GROUP`),
  CONSTRAINT `qrtz_cron_triggers_ibfk_1` FOREIGN KEY (`SCHED_NAME`, `TRIGGER_NAME`, `TRIGGER_GROUP`) REFERENCES `qrtz_triggers` (`SCHED_NAME`, `TRIGGER_NAME`, `TRIGGER_GROUP`)
) ENGINE=InnoDB DEFAULT CHARSET=utf8 COLLATE=utf8_bin;

/*Data for the table `qrtz_cron_triggers` */

insert  into `qrtz_cron_triggers`(`SCHED_NAME`,`TRIGGER_NAME`,`TRIGGER_GROUP`,`CRON_EXPRESSION`,`TIME_ZONE_ID`) values ('scheduler','redis 缓存清理','group2','0 0 23 * * ?','Asia/Shanghai');

/*Table structure for table `qrtz_fired_triggers` */

DROP TABLE IF EXISTS `qrtz_fired_triggers`;

CREATE TABLE `qrtz_fired_triggers` (
  `SCHED_NAME` varchar(120) COLLATE utf8_bin NOT NULL,
  `ENTRY_ID` varchar(95) COLLATE utf8_bin NOT NULL,
  `TRIGGER_NAME` varchar(200) COLLATE utf8_bin NOT NULL,
  `TRIGGER_GROUP` varchar(200) COLLATE utf8_bin NOT NULL,
  `INSTANCE_NAME` varchar(200) COLLATE utf8_bin NOT NULL,
  `FIRED_TIME` bigint(13) NOT NULL,
  `SCHED_TIME` bigint(13) NOT NULL,
  `PRIORITY` int(11) NOT NULL,
  `STATE` varchar(16) COLLATE utf8_bin NOT NULL,
  `JOB_NAME` varchar(200) COLLATE utf8_bin DEFAULT NULL,
  `JOB_GROUP` varchar(200) COLLATE utf8_bin DEFAULT NULL,
  `IS_NONCONCURRENT` varchar(1) COLLATE utf8_bin DEFAULT NULL,
  `REQUESTS_RECOVERY` varchar(1) COLLATE utf8_bin DEFAULT NULL,
  PRIMARY KEY (`SCHED_NAME`,`ENTRY_ID`),
  KEY `IDX_QRTZ_FT_TRIG_INST_NAME` (`SCHED_NAME`,`INSTANCE_NAME`),
  KEY `IDX_QRTZ_FT_INST_JOB_REQ_RCVRY` (`SCHED_NAME`,`INSTANCE_NAME`,`REQUESTS_RECOVERY`),
  KEY `IDX_QRTZ_FT_J_G` (`SCHED_NAME`,`JOB_NAME`,`JOB_GROUP`),
  KEY `IDX_QRTZ_FT_JG` (`SCHED_NAME`,`JOB_GROUP`),
  KEY `IDX_QRTZ_FT_T_G` (`SCHED_NAME`,`TRIGGER_NAME`,`TRIGGER_GROUP`),
  KEY `IDX_QRTZ_FT_TG` (`SCHED_NAME`,`TRIGGER_GROUP`)
) ENGINE=InnoDB DEFAULT CHARSET=utf8 COLLATE=utf8_bin;

/*Data for the table `qrtz_fired_triggers` */

/*Table structure for table `qrtz_job_details` */

DROP TABLE IF EXISTS `qrtz_job_details`;

CREATE TABLE `qrtz_job_details` (
  `SCHED_NAME` varchar(120) COLLATE utf8_bin NOT NULL,
  `JOB_NAME` varchar(200) COLLATE utf8_bin NOT NULL,
  `JOB_GROUP` varchar(200) COLLATE utf8_bin NOT NULL,
  `DESCRIPTION` varchar(250) COLLATE utf8_bin DEFAULT NULL,
  `JOB_CLASS_NAME` varchar(250) COLLATE utf8_bin NOT NULL,
  `IS_DURABLE` varchar(1) COLLATE utf8_bin NOT NULL,
  `IS_NONCONCURRENT` varchar(1) COLLATE utf8_bin NOT NULL,
  `IS_UPDATE_DATA` varchar(1) COLLATE utf8_bin NOT NULL,
  `REQUESTS_RECOVERY` varchar(1) COLLATE utf8_bin NOT NULL,
  `JOB_DATA` blob,
  PRIMARY KEY (`SCHED_NAME`,`JOB_NAME`,`JOB_GROUP`),
  KEY `IDX_QRTZ_J_REQ_RECOVERY` (`SCHED_NAME`,`REQUESTS_RECOVERY`),
  KEY `IDX_QRTZ_J_GRP` (`SCHED_NAME`,`JOB_GROUP`)
) ENGINE=InnoDB DEFAULT CHARSET=utf8 COLLATE=utf8_bin;

/*Data for the table `qrtz_job_details` */

insert  into `qrtz_job_details`(`SCHED_NAME`,`JOB_NAME`,`JOB_GROUP`,`DESCRIPTION`,`JOB_CLASS_NAME`,`IS_DURABLE`,`IS_NONCONCURRENT`,`IS_UPDATE_DATA`,`REQUESTS_RECOVERY`,`JOB_DATA`) values ('scheduler','redis 缓存清理','group2',NULL,'com.eazy.lksy.web.quartz.RedisQuartz','0','0','0','0','��\0sr\0org.quartz.JobDataMap���迩��\0\0xr\0&org.quartz.utils.StringKeyDirtyFlagMap�����](\0Z\0allowsTransientDataxr\0org.quartz.utils.DirtyFlagMap�.�(v\n�\0Z\0dirtyL\0mapt\0Ljava/util/Map;xpsr\0java.util.HashMap���`�\0F\0\nloadFactorI\0	thresholdxp?@\0\0\0\0\0w\0\0\0\0\0\0t\0scheduleJobsr\0#com.eazy.lksy.web.model.ScheduleJob\0\0\0\0\0\0\0\0L\0	classNamet\0Ljava/lang/String;L\0cronExpressionq\0~\0	L\0descriptionq\0~\0	L\0groupq\0~\0	L\0nameq\0~\0	L\0statusq\0~\0	xpt\0$com.eazy.lksy.web.quartz.RedisQuartzt\00 0 23 * * ?pt\0group2t\0redis 缓存清理t\01x\0');

/*Table structure for table `qrtz_locks` */

DROP TABLE IF EXISTS `qrtz_locks`;

CREATE TABLE `qrtz_locks` (
  `SCHED_NAME` varchar(120) COLLATE utf8_bin NOT NULL,
  `LOCK_NAME` varchar(40) COLLATE utf8_bin NOT NULL,
  PRIMARY KEY (`SCHED_NAME`,`LOCK_NAME`)
) ENGINE=InnoDB DEFAULT CHARSET=utf8 COLLATE=utf8_bin;

/*Data for the table `qrtz_locks` */

insert  into `qrtz_locks`(`SCHED_NAME`,`LOCK_NAME`) values ('scheduler','STATE_ACCESS'),('scheduler','TRIGGER_ACCESS');

/*Table structure for table `qrtz_paused_trigger_grps` */

DROP TABLE IF EXISTS `qrtz_paused_trigger_grps`;

CREATE TABLE `qrtz_paused_trigger_grps` (
  `SCHED_NAME` varchar(120) COLLATE utf8_bin NOT NULL,
  `TRIGGER_GROUP` varchar(200) COLLATE utf8_bin NOT NULL,
  PRIMARY KEY (`SCHED_NAME`,`TRIGGER_GROUP`)
) ENGINE=InnoDB DEFAULT CHARSET=utf8 COLLATE=utf8_bin;

/*Data for the table `qrtz_paused_trigger_grps` */

/*Table structure for table `qrtz_scheduler_state` */

DROP TABLE IF EXISTS `qrtz_scheduler_state`;

CREATE TABLE `qrtz_scheduler_state` (
  `SCHED_NAME` varchar(120) COLLATE utf8_bin NOT NULL,
  `INSTANCE_NAME` varchar(200) COLLATE utf8_bin NOT NULL,
  `LAST_CHECKIN_TIME` bigint(13) NOT NULL,
  `CHECKIN_INTERVAL` bigint(13) NOT NULL,
  PRIMARY KEY (`SCHED_NAME`,`INSTANCE_NAME`)
) ENGINE=InnoDB DEFAULT CHARSET=utf8 COLLATE=utf8_bin;

/*Data for the table `qrtz_scheduler_state` */

insert  into `qrtz_scheduler_state`(`SCHED_NAME`,`INSTANCE_NAME`,`LAST_CHECKIN_TIME`,`CHECKIN_INTERVAL`) values ('scheduler','iZ25oclgpsbZ1463114437509',1463116540468,15000),('scheduler','iZ25oclgpsbZ1463114451348',1463116538256,15000);

/*Table structure for table `qrtz_simple_triggers` */

DROP TABLE IF EXISTS `qrtz_simple_triggers`;

CREATE TABLE `qrtz_simple_triggers` (
  `SCHED_NAME` varchar(120) COLLATE utf8_bin NOT NULL,
  `TRIGGER_NAME` varchar(200) COLLATE utf8_bin NOT NULL,
  `TRIGGER_GROUP` varchar(200) COLLATE utf8_bin NOT NULL,
  `REPEAT_COUNT` bigint(7) NOT NULL,
  `REPEAT_INTERVAL` bigint(12) NOT NULL,
  `TIMES_TRIGGERED` bigint(10) NOT NULL,
  PRIMARY KEY (`SCHED_NAME`,`TRIGGER_NAME`,`TRIGGER_GROUP`),
  CONSTRAINT `qrtz_simple_triggers_ibfk_1` FOREIGN KEY (`SCHED_NAME`, `TRIGGER_NAME`, `TRIGGER_GROUP`) REFERENCES `qrtz_triggers` (`SCHED_NAME`, `TRIGGER_NAME`, `TRIGGER_GROUP`)
) ENGINE=InnoDB DEFAULT CHARSET=utf8 COLLATE=utf8_bin;

/*Data for the table `qrtz_simple_triggers` */

/*Table structure for table `qrtz_simprop_triggers` */

DROP TABLE IF EXISTS `qrtz_simprop_triggers`;

CREATE TABLE `qrtz_simprop_triggers` (
  `SCHED_NAME` varchar(120) COLLATE utf8_bin NOT NULL,
  `TRIGGER_NAME` varchar(200) COLLATE utf8_bin NOT NULL,
  `TRIGGER_GROUP` varchar(200) COLLATE utf8_bin NOT NULL,
  `STR_PROP_1` varchar(512) COLLATE utf8_bin DEFAULT NULL,
  `STR_PROP_2` varchar(512) COLLATE utf8_bin DEFAULT NULL,
  `STR_PROP_3` varchar(512) COLLATE utf8_bin DEFAULT NULL,
  `INT_PROP_1` int(11) DEFAULT NULL,
  `INT_PROP_2` int(11) DEFAULT NULL,
  `LONG_PROP_1` bigint(20) DEFAULT NULL,
  `LONG_PROP_2` bigint(20) DEFAULT NULL,
  `DEC_PROP_1` decimal(13,4) DEFAULT NULL,
  `DEC_PROP_2` decimal(13,4) DEFAULT NULL,
  `BOOL_PROP_1` varchar(1) COLLATE utf8_bin DEFAULT NULL,
  `BOOL_PROP_2` varchar(1) COLLATE utf8_bin DEFAULT NULL,
  PRIMARY KEY (`SCHED_NAME`,`TRIGGER_NAME`,`TRIGGER_GROUP`),
  CONSTRAINT `qrtz_simprop_triggers_ibfk_1` FOREIGN KEY (`SCHED_NAME`, `TRIGGER_NAME`, `TRIGGER_GROUP`) REFERENCES `qrtz_triggers` (`SCHED_NAME`, `TRIGGER_NAME`, `TRIGGER_GROUP`)
) ENGINE=InnoDB DEFAULT CHARSET=utf8 COLLATE=utf8_bin;

/*Data for the table `qrtz_simprop_triggers` */

/*Table structure for table `qrtz_triggers` */

DROP TABLE IF EXISTS `qrtz_triggers`;

CREATE TABLE `qrtz_triggers` (
  `SCHED_NAME` varchar(120) COLLATE utf8_bin NOT NULL,
  `TRIGGER_NAME` varchar(200) COLLATE utf8_bin NOT NULL,
  `TRIGGER_GROUP` varchar(200) COLLATE utf8_bin NOT NULL,
  `JOB_NAME` varchar(200) COLLATE utf8_bin NOT NULL,
  `JOB_GROUP` varchar(200) COLLATE utf8_bin NOT NULL,
  `DESCRIPTION` varchar(250) COLLATE utf8_bin DEFAULT NULL,
  `NEXT_FIRE_TIME` bigint(13) DEFAULT NULL,
  `PREV_FIRE_TIME` bigint(13) DEFAULT NULL,
  `PRIORITY` int(11) DEFAULT NULL,
  `TRIGGER_STATE` varchar(16) COLLATE utf8_bin NOT NULL,
  `TRIGGER_TYPE` varchar(8) COLLATE utf8_bin NOT NULL,
  `START_TIME` bigint(13) NOT NULL,
  `END_TIME` bigint(13) DEFAULT NULL,
  `CALENDAR_NAME` varchar(200) COLLATE utf8_bin DEFAULT NULL,
  `MISFIRE_INSTR` smallint(2) DEFAULT NULL,
  `JOB_DATA` blob,
  PRIMARY KEY (`SCHED_NAME`,`TRIGGER_NAME`,`TRIGGER_GROUP`),
  KEY `IDX_QRTZ_T_J` (`SCHED_NAME`,`JOB_NAME`,`JOB_GROUP`),
  KEY `IDX_QRTZ_T_JG` (`SCHED_NAME`,`JOB_GROUP`),
  KEY `IDX_QRTZ_T_C` (`SCHED_NAME`,`CALENDAR_NAME`),
  KEY `IDX_QRTZ_T_G` (`SCHED_NAME`,`TRIGGER_GROUP`),
  KEY `IDX_QRTZ_T_STATE` (`SCHED_NAME`,`TRIGGER_STATE`),
  KEY `IDX_QRTZ_T_N_STATE` (`SCHED_NAME`,`TRIGGER_NAME`,`TRIGGER_GROUP`,`TRIGGER_STATE`),
  KEY `IDX_QRTZ_T_N_G_STATE` (`SCHED_NAME`,`TRIGGER_GROUP`,`TRIGGER_STATE`),
  KEY `IDX_QRTZ_T_NEXT_FIRE_TIME` (`SCHED_NAME`,`NEXT_FIRE_TIME`),
  KEY `IDX_QRTZ_T_NFT_ST` (`SCHED_NAME`,`TRIGGER_STATE`,`NEXT_FIRE_TIME`),
  KEY `IDX_QRTZ_T_NFT_MISFIRE` (`SCHED_NAME`,`MISFIRE_INSTR`,`NEXT_FIRE_TIME`),
  KEY `IDX_QRTZ_T_NFT_ST_MISFIRE` (`SCHED_NAME`,`MISFIRE_INSTR`,`NEXT_FIRE_TIME`,`TRIGGER_STATE`),
  KEY `IDX_QRTZ_T_NFT_ST_MISFIRE_GRP` (`SCHED_NAME`,`MISFIRE_INSTR`,`NEXT_FIRE_TIME`,`TRIGGER_GROUP`,`TRIGGER_STATE`),
  CONSTRAINT `qrtz_triggers_ibfk_1` FOREIGN KEY (`SCHED_NAME`, `JOB_NAME`, `JOB_GROUP`) REFERENCES `qrtz_job_details` (`SCHED_NAME`, `JOB_NAME`, `JOB_GROUP`)
) ENGINE=InnoDB DEFAULT CHARSET=utf8 COLLATE=utf8_bin;

/*Data for the table `qrtz_triggers` */

insert  into `qrtz_triggers`(`SCHED_NAME`,`TRIGGER_NAME`,`TRIGGER_GROUP`,`JOB_NAME`,`JOB_GROUP`,`DESCRIPTION`,`NEXT_FIRE_TIME`,`PREV_FIRE_TIME`,`PRIORITY`,`TRIGGER_STATE`,`TRIGGER_TYPE`,`START_TIME`,`END_TIME`,`CALENDAR_NAME`,`MISFIRE_INSTR`,`JOB_DATA`) values ('scheduler','redis 缓存清理','group2','redis 缓存清理','group2',NULL,1463151600000,1463065200000,5,'WAITING','CRON',1463035728000,0,NULL,0,'');

/*Table structure for table `role` */

DROP TABLE IF EXISTS `role`;

CREATE TABLE `role` (
  `ID` int(11) NOT NULL AUTO_INCREMENT,
  `NAME` varchar(20) NOT NULL,
  `ROLE_CODE` varchar(20) NOT NULL,
  `DESCRIPTION` text,
  `SORT` smallint(6) DEFAULT NULL,
  `DEL_FLAG` varchar(255) DEFAULT NULL,
  PRIMARY KEY (`ID`)
) ENGINE=InnoDB AUTO_INCREMENT=14 DEFAULT CHARSET=utf8;

/*Data for the table `role` */

insert  into `role`(`ID`,`NAME`,`ROLE_CODE`,`DESCRIPTION`,`SORT`,`DEL_FLAG`) values (1,'admin','admin','admin',2,NULL),(5,'guest','guest','guest',3,NULL),(13,'superadmin','superadmin','超级管理员',1,NULL);

/*Table structure for table `role_permission` */

DROP TABLE IF EXISTS `role_permission`;

CREATE TABLE `role_permission` (
  `ID` int(11) NOT NULL AUTO_INCREMENT,
  `ROLE_ID` int(11) DEFAULT NULL,
  `PERMISSION_ID` int(11) DEFAULT NULL,
  PRIMARY KEY (`ID`),
  KEY `FK_ROLE_PER_REFERENCE_PERMISSI` (`PERMISSION_ID`) USING BTREE,
  KEY `FK_ROLE_PER_REFERENCE_ROLE` (`ROLE_ID`) USING BTREE,
  CONSTRAINT `role_permission_ibfk_1` FOREIGN KEY (`PERMISSION_ID`) REFERENCES `permission` (`ID`),
  CONSTRAINT `role_permission_ibfk_2` FOREIGN KEY (`ROLE_ID`) REFERENCES `role` (`ID`)
) ENGINE=InnoDB AUTO_INCREMENT=991 DEFAULT CHARSET=utf8;

/*Data for the table `role_permission` */

insert  into `role_permission`(`ID`,`ROLE_ID`,`PERMISSION_ID`) values (28,5,1),(133,5,15),(162,5,39),(164,5,58),(215,5,69),(216,5,20),(222,5,70),(223,5,3),(231,5,2),(235,5,45),(236,5,59),(922,1,78),(923,1,79),(924,1,93),(925,1,114),(926,1,80),(927,1,106),(928,1,107),(929,1,121),(930,1,118),(931,1,119),(932,1,120),(933,1,1),(934,1,2),(935,1,3),(936,1,12),(937,1,39),(938,1,15),(939,1,14),(940,1,20),(941,1,37),(942,1,92),(943,13,78),(944,13,79),(945,13,93),(946,13,94),(947,13,114),(948,13,115),(949,13,116),(950,13,80),(951,13,95),(952,13,96),(953,13,117),(954,13,106),(955,13,107),(956,13,121),(957,13,118),(958,13,119),(959,13,120),(960,13,1),(961,13,2),(962,13,4),(963,13,99),(964,13,3),(965,13,7),(966,13,97),(967,13,98),(968,13,12),(969,13,103),(970,13,104),(971,13,105),(972,13,39),(973,13,45),(974,13,58),(975,13,59),(976,13,70),(977,13,100),(978,13,101),(979,13,102),(980,13,15),(981,13,14),(982,13,20),(983,13,37),(984,13,108),(985,13,109),(986,13,111),(987,13,112),(988,13,113),(989,13,92),(990,13,110);

/*Table structure for table `room` */

DROP TABLE IF EXISTS `room`;

CREATE TABLE `room` (
  `id` int(11) NOT NULL AUTO_INCREMENT,
  `name` varchar(200) COLLATE utf8_bin DEFAULT NULL COMMENT '房间类型',
  `width` varchar(50) COLLATE utf8_bin DEFAULT NULL,
  `heigh` varchar(50) COLLATE utf8_bin DEFAULT NULL,
  `h_id` int(11) DEFAULT NULL COMMENT '酒店ID',
  `price` varchar(30) COLLATE utf8_bin DEFAULT NULL,
  `create_time` timestamp NULL DEFAULT CURRENT_TIMESTAMP,
  PRIMARY KEY (`id`)
) ENGINE=InnoDB AUTO_INCREMENT=409 DEFAULT CHARSET=utf8 COLLATE=utf8_bin;

/*Data for the table `room` */

insert  into `room`(`id`,`name`,`width`,`heigh`,`h_id`,`price`,`create_time`) values (288,'一居室行政房',NULL,NULL,61,NULL,NULL),(289,'一居豪华行政房',NULL,NULL,61,NULL,NULL),(290,'行政两房式公寓',NULL,NULL,61,NULL,NULL),(291,'豪华大床间',NULL,NULL,62,NULL,NULL),(292,'商务套间',NULL,NULL,62,NULL,NULL),(293,'行政高级大床间',NULL,NULL,62,NULL,NULL),(294,'行政高级双人间',NULL,NULL,62,NULL,NULL),(295,'商务豪华间',NULL,NULL,62,NULL,NULL),(296,'行政商务间',NULL,NULL,62,NULL,NULL),(297,'高级双人间',NULL,NULL,62,NULL,NULL),(298,'商务豪华套间',NULL,NULL,62,NULL,NULL),(299,'高级套房',NULL,NULL,63,NULL,NULL),(300,'豪华大床房',NULL,NULL,63,NULL,NULL),(301,'高级大床房',NULL,NULL,63,NULL,NULL),(302,'酷角客房',NULL,NULL,64,NULL,NULL),(303,'非凡套房',NULL,NULL,64,NULL,NULL),(304,'奇幻套房',NULL,NULL,64,NULL,NULL),(305,'奇妙房',NULL,NULL,64,NULL,NULL),(306,'超级豪华双人房',NULL,NULL,65,NULL,NULL),(307,'豪华双人房',NULL,NULL,65,NULL,NULL),(308,'超级豪华庭院景观房',NULL,NULL,65,NULL,NULL),(309,'豪华大床房',NULL,NULL,65,NULL,NULL),(310,'北京套房',NULL,NULL,65,NULL,NULL),(311,'豪华套房',NULL,NULL,65,NULL,NULL),(312,'超豪华大床房',NULL,NULL,65,NULL,NULL),(313,'行政房',NULL,NULL,67,NULL,NULL),(314,'顶层房',NULL,NULL,67,NULL,NULL),(315,'创意套房',NULL,NULL,67,NULL,NULL),(316,'超豪华房',NULL,NULL,67,NULL,NULL),(317,'豪华房',NULL,NULL,67,NULL,NULL),(318,'奢华套房',NULL,NULL,67,NULL,NULL),(319,'豪华套房',NULL,NULL,67,NULL,NULL),(320,'行政风格套房',NULL,NULL,67,NULL,NULL),(321,'风格套房',NULL,NULL,67,NULL,NULL),(322,'柏悦豪华客房',NULL,NULL,69,NULL,NULL),(323,'行政套房',NULL,NULL,69,NULL,NULL),(324,'柏悦套房',NULL,NULL,69,NULL,NULL),(325,'柏悦客房',NULL,NULL,69,NULL,NULL),(326,'豪华房',NULL,NULL,70,NULL,NULL),(327,'标准房',NULL,NULL,70,NULL,NULL),(328,'高级房',NULL,NULL,70,NULL,NULL),(329,'城堡豪雅房',NULL,NULL,71,NULL,NULL),(330,'城堡尊雅房',NULL,NULL,71,NULL,NULL),(331,'城堡豪雅套房',NULL,NULL,71,NULL,NULL),(332,'全江景房',NULL,NULL,72,NULL,NULL),(333,'江景套房',NULL,NULL,72,NULL,NULL),(334,'江景房',NULL,NULL,72,NULL,NULL),(335,'外滩江景房',NULL,NULL,72,NULL,NULL),(336,'悦心池浪漫江景房',NULL,NULL,72,NULL,NULL),(337,'悦外滩房',NULL,NULL,73,NULL,NULL),(338,'怡上海房',NULL,NULL,73,NULL,NULL),(339,'悦上海房',NULL,NULL,73,NULL,NULL),(340,'怡外滩房',NULL,NULL,73,NULL,NULL),(341,'靓上海江景套房',NULL,NULL,73,NULL,NULL),(342,'靓上海城景套房',NULL,NULL,73,NULL,NULL),(343,'豪华双床房',NULL,NULL,74,NULL,NULL),(344,'豪华大床房',NULL,NULL,74,NULL,NULL),(345,'豪华套房',NULL,NULL,74,NULL,NULL),(346,'高级房',NULL,NULL,75,NULL,NULL),(347,'豪华客房',NULL,NULL,75,NULL,NULL),(348,'商务套房',NULL,NULL,75,NULL,NULL),(349,'行政二室套房',NULL,NULL,76,NULL,NULL),(350,'豪华行政一室套房',NULL,NULL,76,NULL,NULL),(351,'行政一室套房',NULL,NULL,76,NULL,NULL),(352,'君悦江景双人房',NULL,NULL,77,NULL,NULL),(353,'嘉宾轩大床房',NULL,NULL,77,NULL,NULL),(354,'君悦江景大床房',NULL,NULL,77,NULL,NULL),(355,'嘉宾轩套房',NULL,NULL,77,NULL,NULL),(356,'君悦大床房',NULL,NULL,77,NULL,NULL),(357,'主席套房',NULL,NULL,77,NULL,NULL),(358,'君悦双人房',NULL,NULL,77,NULL,NULL),(359,'嘉宾轩江景客房',NULL,NULL,77,NULL,NULL),(360,'外交官套房',NULL,NULL,77,NULL,NULL),(361,'总统套房',NULL,NULL,77,NULL,NULL),(362,'君悦套房',NULL,NULL,77,NULL,NULL),(363,'嘉宾轩双人客房',NULL,NULL,77,NULL,NULL),(364,'中式大床房',NULL,NULL,78,NULL,NULL),(365,'行政大床房A',NULL,NULL,78,NULL,NULL),(366,'豪华大床房',NULL,NULL,78,NULL,NULL),(367,'豪华客房',NULL,NULL,78,NULL,NULL),(368,'总统套房',NULL,NULL,78,NULL,NULL),(369,'公馆套房',NULL,NULL,79,NULL,NULL),(370,'豪华双人房',NULL,NULL,79,NULL,NULL),(371,'阳台大床房',NULL,NULL,79,NULL,NULL),(372,'行政套房',NULL,NULL,79,NULL,NULL),(373,'豪华大床房',NULL,NULL,79,NULL,NULL),(374,'豪华套房',NULL,NULL,79,NULL,NULL),(375,'高级大床房',NULL,NULL,79,NULL,NULL),(376,'至尊临江套房',NULL,NULL,80,NULL,NULL),(377,'豪雅套房',NULL,NULL,80,NULL,NULL),(378,'豪雅临江客房',NULL,NULL,80,NULL,NULL),(379,'华尔道夫套房',NULL,NULL,80,NULL,NULL),(380,'华尔道夫豪雅临江套房',NULL,NULL,80,NULL,NULL),(381,'至尊套房',NULL,NULL,80,NULL,NULL),(382,'豪雅客房',NULL,NULL,80,NULL,NULL),(383,'豪雅城景客房',NULL,NULL,80,NULL,NULL),(384,'华尔道夫临江套房',NULL,NULL,80,NULL,NULL),(385,'狩猎房',NULL,NULL,81,NULL,NULL),(386,'贵宾房',NULL,NULL,81,NULL,NULL),(387,'狩猎家庭房',NULL,NULL,81,NULL,NULL),(388,'贵宾套房',NULL,NULL,81,NULL,NULL),(389,'高级房',NULL,NULL,81,NULL,NULL),(390,'白老虎套房',NULL,NULL,81,NULL,NULL),(391,'野趣房',NULL,NULL,81,NULL,NULL),(392,'标准家庭房',NULL,NULL,81,NULL,NULL),(393,'白虎房',NULL,NULL,81,NULL,NULL),(394,'高级单人客房',NULL,NULL,82,NULL,NULL),(395,'家庭套房',NULL,NULL,82,NULL,NULL),(396,'高级双人客房',NULL,NULL,82,NULL,NULL),(397,'巴厘式别墅房',NULL,NULL,82,NULL,NULL),(398,'山景房',NULL,NULL,82,NULL,NULL),(399,'行政套房',NULL,NULL,82,NULL,NULL),(400,'豪华单人客房',NULL,NULL,82,NULL,NULL),(401,'豪华套房',NULL,NULL,82,NULL,NULL),(402,'豪华双人客房',NULL,NULL,82,NULL,NULL),(403,'行政套房',NULL,NULL,83,NULL,NULL),(404,'花园套房',NULL,NULL,83,NULL,NULL),(405,'花园客房',NULL,NULL,83,NULL,NULL),(406,'朗豪套房',NULL,NULL,84,NULL,NULL),(407,'趣大床房',NULL,NULL,84,NULL,NULL),(408,'乐贵宾园景双人房',NULL,NULL,84,NULL,NULL);

/*Table structure for table `room_image` */

DROP TABLE IF EXISTS `room_image`;

CREATE TABLE `room_image` (
  `id` int(11) NOT NULL AUTO_INCREMENT,
  `image` varchar(200) COLLATE utf8_bin DEFAULT NULL,
  `r_id` int(11) DEFAULT NULL,
  PRIMARY KEY (`id`)
) ENGINE=InnoDB AUTO_INCREMENT=671 DEFAULT CHARSET=utf8 COLLATE=utf8_bin;

/*Data for the table `room_image` */

insert  into `room_image`(`id`,`image`,`r_id`) values (300,'Z7-ECTZiak88eddIZ',288),(301,'C._M0DCiyJWZQix8qPi',288),(302,'C._M0DCiyJWZDbW2jKi',288),(303,'C._M0DCiyJWZ_3WhgLi',288),(304,'C._M0DCiyJWZ-K7hKFi',288),(305,'Z7-ECTZiakDVO4CjZ',289),(306,'frTiFii9RAl6YDcoi',289),(307,'frTiFii9RAGUiRVLi',289),(308,'C._M0DCiyJWUp0vXORi',290),(309,'C._M0DCiyJWU4QOnimi',290),(310,'C._M0DCiyJWZTuEn-Ti',290),(311,'C._M0DCiyJWZCEFIhTi',290),(312,'C._M0DCiyJWUvCSzBwi',290),(313,'C._M0DCiyUgODk7QJCi',291),(314,'nz078uvcn0jpGHqTv',291),(315,'C._M0DCiyUgPGv6MYZi',292),(316,'C._M0DCiyUgP1Y397ii',292),(317,'C._M0DCiyUgO-31REai',292),(318,'kkQ48G1lkHUoskk',293),(319,'nz078uvcn01k7TREv',294),(320,'Z7-ECTkWuNrfC8w0Z',295),(321,'JhS1_tJn7zLKUjVXJ',296),(322,'187PJQ1kTX-9f7HW1',296),(323,'C._M0DCiyn-SZGhc8Ui',297),(324,'C._M0DCiyn-SpFkNU7i',297),(325,'C._M0DCiyn-Sek2dB-i',297),(326,'C._M0DCiyn-BO_Idvgi',297),(327,'C._M0DCiyn-BUi1epVi',297),(328,'C._M0DCiyn-BSHBMcXi',297),(329,'C._M0DCiyn-SY7itZPi',297),(330,'C._M0DCiyn-BGuWSlXi',297),(331,'C._M0DCiyn-SM1mK74i',297),(332,'C._M0DCiyn-BJad_HUi',297),(333,'C._M0DCiyn-B8gnFhDi',297),(334,'C._M0DCiyn-Ss1Jj9Vi',297),(335,'C._M0DCiyn-SRpljPgi',297),(336,'C._M0DCiyn-STxEEIEi',297),(337,'C._M0DCiyn-BmeV-Gyi',297),(338,'C._M0DCiyn-Bi2VFVai',297),(339,'C._M0DCiyUgPCmu3bxi',297),(340,'C._M0DCiyn-SkxnuMEi',297),(341,'C._M0DCiyn-Sv73zTfi',297),(342,'C._M0DCiyn-S3y7oZsi',297),(343,'C._M0DCiyn-SxZn7aUi',297),(344,'C._M0DCiyn-S6xZlrYi',297),(345,'C._M0DCiyn-BchB7qFi',297),(346,'C._M0DCiyn-S07PJHSi',297),(347,'C._M0DCiyn-S8uc04ai',297),(348,'Z7-ECTkWuN42TtSGZ',298),(349,'Z7-ECTkWuNRQRSBfZ',298),(350,'NNNN2dHz5HzPXxcZN',299),(351,'NNNN2dHz50qy-q2hN',299),(352,'NNNN2dHz50Z94az8N',299),(353,'NNNN2dHz5H7YPNyrN',299),(354,'NNNN2dHz5011lGrXN',299),(355,'NNNN2dH8oQqrqjngN',300),(356,'NNNN2dH8opcgJwQiN',300),(357,'NNNN2dH8opFWWY7BN',300),(358,'NNNN2dH8opwoPGvjN',301),(359,'NNNN2dH8oQjeySeKN',301),(360,'NNNN2dH8oQtT_XCPN',301),(361,'NNNN2dH8opY477ABN',301),(362,'NNNN2dH8oplpXWiZN',301),(363,'C._M0DCiyxtl6q8nwHi',302),(364,'C._M0DCiyxtlTGW4M_i',303),(365,'C._M0DCiyxtIllLRLxi',303),(366,'C._M0DCiyxtIE-QkJFi',304),(367,'Z7-ECTZxNthORX4SZ',305),(368,'C._M0DCiyxtlKvIbxOi',305),(369,'C._M0DCiyxtIBSdQayi',305),(370,'C._M0DCiyxtl0Dg-aMi',305),(371,'CHHBVACnL6SNwgAkA',306),(372,'Z7-ECTkEYZOgrtMgZ',307),(373,'C._M0DCiyQjuPFdKIxi',308),(374,'nz078uvZfxN1mIGSv',309),(375,'Z7-ECTkEPRTLiJLFZ',310),(376,'Z7-ECTkEP89OX6jPZ',310),(377,'C._M0DCiyQju39j6rVi',310),(378,'C._M0DCiyQjFhX7tZOi',310),(379,'66gRv25RvM_Qydxn6',311),(380,'Z7S8IZZVpmhWyT1dZ',312),(381,'Z7-ECTZiIVJ1-95EZ',313),(382,'C._M0DCiynvX5f6HD3i',313),(383,'C._M0DCiynvX5bqorii',313),(384,'C._M0DCiynvXcaz1H0i',313),(385,'C._M0DCiynvXLavcaqi',313),(386,'C._M0DCiynvXmmlvCei',314),(387,'C._M0DCiynvXgyXMpqi',314),(388,'C._M0DCiynvX2zMD1Di',314),(389,'C._M0DCiynvXeeM5TGi',314),(390,'C._M0DCiynvXbK4tQpi',314),(391,'C._M0DCiynvX7b_SNFi',315),(392,'Z7-ECTZiIV3qgCDWZ',316),(393,'C._M0DCiynvXzJw1lOi',317),(394,'C._M0DCiiqqYebj5AAi',317),(395,'C._M0DCiiqqAf7VZ6-i',317),(396,'NN0FsdNHgKhjvPcBN',317),(397,'Vup3HVY70rNBz7kRV',317),(398,'NN0FsdNHgw6nIFBGN',317),(399,'187tg11wcgVuXtzQ1',318),(400,'C._M0DCiynvxccuCQci',319),(401,'C._M0DCiynvXqqfcQgi',319),(402,'Z7-ECTZiIVmkRIGwZ',320),(403,'C._M0DCiynvxzmaFPWi',320),(404,'C._M0DCiynvxmlZs5Ki',321),(405,'C._M0DCiynau80pitpi',322),(406,'C._M0DCiynaJ1KHWz2i',323),(407,'Z7-ECT92IaiobCk-Z',324),(408,'kL9edkaxtGakO5PSk',324),(409,'oEPFzoo4mFW6tGr3o',325),(410,'ak9vfj5vdwyOp_ipa',325),(411,'oEPFzoo4mFJZd517o',325),(412,'oEPFzoo4mFvaRNTto',325),(413,'NNNZOPHzgIVQChd7N',325),(414,'JhS1_tJ9UktKBafUJ',326),(415,'JhS1_tJ9URSNeJk3J',326),(416,'llyuE60raMe2i9kJl',326),(417,'llyuE60raQCsGJWXl',326),(418,'llyuE60raQ9sRRwEl',326),(419,'llyuE60raHeMQi1Gl',326),(420,'JhS1_tJ9U8brgnqrJ',327),(421,'JhS1_tJ9UXK_JJyvJ',327),(422,'66I5P26OmKive75u6',327),(423,'66I5P26AQg8IVcaz6',327),(424,'JhS1_tJ9U7BwWqjOJ',328),(425,'JhS1_tJ9UXftdcEiJ',328),(426,'66I5P26AQglOHQAe6',328),(427,'Z7-ECTZ_j-R-BGARZ',329),(428,'66I5P2-gwikGLMP66',329),(429,'8q41fF97dPscAsYQZ',329),(430,'Z7-ECTZ_j-_vwSMEZ',330),(431,'66I5P2-gw98mpEeB6',330),(432,'66I5P2-gwiSbbwDP6',330),(433,'Z7-ECTZ_jSc2zwT3Z',331),(434,'JhS1_th-gtXrWLy5J',331),(435,'NNNN2dNmz97-zhcyN',332),(436,'oEPFzoo4m8SvCgopo',332),(437,'y8AggU258jTYxvaP8',332),(438,'Z7-ECTkYbH4DSGQ4Z',333),(439,'oEPFzoo4m8elTVaYo',334),(440,'JhS1_t5O_spA6HdlJ',334),(441,'JhS1_t5O087c-axAJ',334),(442,'xQTW6xQjxMtxC2QDx',334),(443,'ap8VCGaYFupR4ZL6k',334),(444,'xQTW6xQjxtgxv6b2x',334),(445,'xQTW6xQjxmStrJ4nx',334),(446,'ap8VCGaYFCkYvqc8k',334),(447,'NNNN2dNmzUiTXwp1N',335),(448,'oEPFzoo4m0RPIiLUo',335),(449,'xQdzIxxLca5J21uWx',335),(450,'xQdzIxxLcmDqr9unx',335),(451,'Z7-ECTk85RTfnOynZ',336),(452,'oEPFzoo4mOfybRfVo',336),(453,'q4-5El0-drOxNQTRl',336),(454,'NNNN2dN40ezDrRzwN',337),(455,'C._M0DCiyQ0f3MQWBOi',337),(456,'C._M0DCiyQ0f3_j1sfi',337),(457,'C._M0DCiyQ0yIE9Rf0i',338),(458,'C._M0DCiyQ0fTVvaPXi',338),(459,'oEPFzoo4CJuk5uVGo',338),(460,'oEPFzoo4CJykw4Imo',338),(461,'C._M0DCiyQ0yGxJG7Ii',339),(462,'C._M0DCiyQ0f8P8SKhi',339),(463,'C._M0DCiyQ0y1K6VYmi',339),(464,'oEPFzoo4Cv-o5Pfxo',339),(465,'oEPFzoo4CEw-bUqXo',339),(466,'NNNN2dN40YoLqgQeN',340),(467,'Z7SQtZ90pGF6usAhZ',340),(468,'C._M0DCiyQ0yEvF0G3i',340),(469,'C._M0DCiyQ0f8yNRgRi',340),(470,'Z7SQtZ90pcXoN_ScZ',341),(471,'C._M0DCiyQ0fOCymPRi',341),(472,'C._M0DCiyQ0yCQlMt5i',341),(473,'C._M0DCiyQ0yKyo3hHi',341),(474,'C._M0DCiyQ0fPR7NxGi',341),(475,'C._M0DCiyQ0fv_ZENMi',342),(476,'oEPFzoo4CgodlaoJo',342),(477,'JhS1_tJ41u26M_cgJ',343),(478,'66I5P2-dxRVXzizR6',343),(479,'66I5P2-dxv-wScJf6',343),(480,'66I5P2-dxiTm8dWf6',343),(481,'Z7-ECT9Z4H5Zet9IZ',344),(482,'66I5P2-dxg2BKpOq6',344),(483,'JhS1_tJ41u7G_zFpJ',345),(484,'JhS1_tJ41YBlmb0zJ',345),(485,'66I5P25XPWhEHZHK6',346),(486,'66I5P25XP9nQOb6S6',346),(487,'Z7-ECT9xypO-kA5mZ',347),(488,'Z7-ECT9xypAF7iPsZ',347),(489,'nz078uvZTb-jAeBQv',348),(490,'nz078uvZTbxj28Shv',348),(491,'66I5P25T6RHmXBfA6',349),(492,'JhS1_t5YLQc5wu3wJ',350),(493,'NNNN2dNbZl9L7YMpN',351),(494,'Z7-ECT9yBlIwwt-rZ',352),(495,'C._M0DCiyX1cFkcofgi',352),(496,'C._M0DCiyX1L-_O79ji',352),(497,'C._M0DCiyX1c7kOZPHi',353),(498,'C._M0DCiyX1LQyKx9Hi',353),(499,'C._M0DCiyX1LZEpLHBi',354),(500,'C._M0DCiyX1coa4uA6i',354),(501,'JhS1_thxJaXVUCWZJ',355),(502,'C._M0DCiynTe8meozAi',355),(503,'C._M0DCiynTeKo9oYdi',355),(504,'C._M0DCiynTeF5xSdfi',355),(505,'C._M0DCiynTe0n80TQi',355),(506,'C._M0DCiynTev-bIryi',355),(507,'C._M0DCiynTe762nNvi',355),(508,'C._M0DCiynTe2dY608i',355),(509,'C._M0DCiyX1LX8wmzUi',356),(510,'C._M0DCiyX1LUTO_A5i',356),(511,'C._M0DCiyX1cz66Keii',356),(512,'Z7-ECTkYbAh2q9tmZ',357),(513,'Z7SQfZ90NCBVFu_WZ',357),(514,'JhS1_thktkoCuNiJJ',358),(515,'JhS1_thxJaVy3zaHJ',358),(516,'C._M0DCiynTeRV2uHmi',358),(517,'C._M0DCiynTetY3_Lvi',358),(518,'C._M0DCiynTesI9Qvpi',358),(519,'C._M0DCiynTeGIUi4Hi',358),(520,'C._M0DCiynTepchKtdi',358),(521,'C._M0DCiynTeQNelkli',358),(522,'Z7-ECTkYbOwPro0SZ',359),(523,'C._M0DCiyX1cqX2aSti',359),(524,'C._M0DCiyX1LnuDOfti',359),(525,'C._M0DCiyX1c7iMa8-i',359),(526,'0x8gF00P8lNDqYs30',359),(527,'Z7-ECT9yBkr9Yy10Z',360),(528,'Z7-ECT9yBkMetgalZ',360),(529,'Z7-ECT9yBkfJhhYcZ',360),(530,'Z7SQfZ90NCQbhO9xZ',360),(531,'Z7-ECTkYbOTHnZj1Z',361),(532,'Z7SQfZ90NCwYnMvfZ',361),(533,'C._M0DCiyX1LxGLxxDi',362),(534,'C._M0DCiyX1cNUEHJ0i',362),(535,'C._M0DCiyX1LJSbqBPi',363),(536,'C._M0DCiyX1c26NcUli',363),(537,'Z7-ECT9xUbXKvvv4Z',364),(538,'Z7-ECT9xUbY2ROLXZ',364),(539,'Z7-ECT9xUbWDwNx9Z',364),(540,'Z7-ECT9xUbc9NaTOZ',364),(541,'66I5P25wqXuDiDjj6',365),(542,'66I5P25wqT1RA1Sf6',366),(543,'66I5P25wqT4dSDY16',366),(544,'66I5P25wqXRnZNZf6',367),(545,'66I5P25wqXptA4-E6',367),(546,'66I5P25wqClMu4q-6',368),(547,'66I5P25wq9Y-9CnA6',368),(548,'kkQ3DG1SkqLIXNk',369),(549,'C._M0DCiyQf_bMF-xTi',370),(550,'C._M0DCiyQfSheB-tii',370),(551,'C._M0DCiyQfSW86pUOi',370),(552,'C._M0DCiyQf_t2R1Ehi',370),(553,'C._M0DCiyQfSiYaf_Xi',370),(554,'187IcQ8b0UK-Rw6u1',370),(555,'C._M0DCiyQf_rqPw15i',371),(556,'C._M0DCiyQfSjzUSPki',371),(557,'nz078uvZ9GGoFJZjv',371),(558,'Z7-ECT9U4XzbY-clZ',372),(559,'Z7-ECT9U4XbLr_zYZ',372),(560,'C._M0DCiyQfSRQ9x16i',372),(561,'C._M0DCiyQf_auVD-Ni',372),(562,'C._M0DCiyQf_sPukt_i',372),(563,'C._M0DCiyQfSd--CtCi',372),(564,'187IcQ8b0UX59Iqx1',373),(565,'Z7-ECT9U4XIqlM9lZ',374),(566,'C._M0DCiyQf_ku_2e2i',374),(567,'C._M0DCiyQfSMexxQoi',374),(568,'C._M0DCiyQfSAzCWC3i',374),(569,'C._M0DCiyQfSMRXzPzi',374),(570,'C._M0DCiyQf_wgu9p8i',375),(571,'C._M0DCiyQfS4yf6bfi',375),(572,'C._M0DCiyQf_Mxy1wGi',375),(573,'C._M0DCiyQf_jmCMUgi',375),(574,'C._M0DCiyQfSp1iT5Fi',375),(575,'JhS1_t5O9ZfL_CbAJ',376),(576,'JhS1_t5O9Z6sF34wJ',376),(577,'JhS1_t5O9ZuE1crOJ',376),(578,'C._M0DCiyX8o0ck4u2i',376),(579,'C._M0DCiyX8FIk5qWdi',376),(580,'C._M0DCiynTMQapYdEi',377),(581,'C._M0DCiynTM7RLyPei',377),(582,'C._M0DCiyX8FoAXXOji',377),(583,'C._M0DCiyX8oUYQwDWi',377),(584,'C._M0DCiyX8oQ6cC8Oi',377),(585,'oEPFzoo4giivMYhao',377),(586,'JhS1_t5O9807GkhFJ',378),(587,'C._M0DCiyX8oTbtkOZi',378),(588,'C._M0DCiyX8o4sCYp5i',378),(589,'JhS1_t5O9B_vw_-KJ',379),(590,'187IF08bsaTOT20v1',379),(591,'C._M0DCiyX8oEo4Qc6i',379),(592,'C._M0DCiyX8oXbltLyi',379),(593,'C._M0DCiyX8FzovRDLi',379),(594,'C._M0DCiyX8FZxuSvNi',379),(595,'oEPFzoo4gizPpkAUo',379),(596,'oEPFzoo4giJ0cEIXo',379),(597,'C._M0DCiyX8FVOwCqGi',380),(598,'oEPFzoo4giAOLbv7o',380),(599,'C._M0DCiyX8FSS3Tpai',381),(600,'C._M0DCiyX8oVdtJUDi',381),(601,'C._M0DCiyX8oCWH1qwi',381),(602,'C._M0DCiynTMC21id-i',382),(603,'C._M0DCiynTMBFEcjni',382),(604,'C._M0DCiyX8FP40Froi',382),(605,'C._M0DCiyX8F7VIE5-i',382),(606,'C._M0DCiyX8FqQ1dbmi',382),(607,'oEPFzoo4gi66bhcCo',382),(608,'JhS1_t5O9Z5vKMbIJ',383),(609,'C._M0DCiyX8Fxb5omRi',383),(610,'C._M0DCiyX8Fxr0aJsi',383),(611,'nz078uvZHT_YTFIYv',383),(612,'C._M0DCiyX8F-HNFawi',384),(613,'C._M0DCiyX8FDFQ-A2i',384),(614,'Z7SMmZ9xB5bVojdgZ',385),(615,'Z7SMmZ9xB5MrCnD_Z',385),(616,'C._M0DCiyX48Qx7PQxi',385),(617,'yTnQ4NyLZlPAUuvle',385),(618,'yTnQ4NyLZA3SWXA9e',385),(619,'rfpUcvrypqYud2npY',386),(620,'Z7SMmZ9xBO7yQCPlZ',387),(621,'rfpUcvrypVX5c-cMY',387),(622,'KoD8cz6KsUfEpGe2K',387),(623,'nz078uvDeedYfDehv',388),(624,'Z7SMmZ9xBu6lB1T3Z',389),(625,'C._M0DCiyX46l9RGhIi',389),(626,'Z7-ECT9ykAPMuxEKZ',390),(627,'Z7-ECT9ykAJm-KWnZ',390),(628,'C._M0DCiyX48UfHYXKi',391),(629,'C._M0DCifJI0LWmfFii',392),(630,'Z7-ECT9ykOoNuNy6Z',393),(631,'Z7SQGT9QAu6GddKJZ',394),(632,'JhS1_tJbNf-wXL3uJ',395),(633,'JhS1_tJbNLvoPMLBJ',396),(634,'JhS1_tJbNfCYVu7TJ',397),(635,'nz078uvZUv3vTmmov',398),(636,'66I5P250hWwBsUps6',399),(637,'66I5P250hMPUurg46',399),(638,'66I5P250hM7a97j16',399),(639,'JhS1_tJbNlipQpxQJ',400),(640,'66I5P25oqJWTPObh6',400),(641,'nz078uvZ7UvHWuaTv',401),(642,'gvGE0AORhpTLoxF3g',402),(643,'94_ZSM9XZAqKv-NIM',402),(644,'66gRv25RuzzQllIV6',403),(645,'nz078uvZAmhxCURNv',403),(646,'ClHu5Cx7fs7wyykWC',403),(647,'ClHu5Cx7fHbslHrUC',403),(648,'C._M0DCiyxdIxJCsV4i',404),(649,'C._M0DCiyxdlEZg3Hai',404),(650,'66gRv25Ruzl5QaBl6',404),(651,'66gRv25RujLUeXo66',404),(652,'C._M0DCiyxdIX7tYLii',404),(653,'C._M0DCiyxdlEKW_jZi',404),(654,'C._M0DCiyxdl_Rx2oNi',404),(655,'C._M0DCiyxdIUpCmPTi',404),(656,'C._M0DCiyxdlBDBPJQi',405),(657,'C._M0DCiyxdll-ivETi',405),(658,'C._M0DCiyxdlSDCjObi',405),(659,'C._M0DCiyxdIQFKyrYi',405),(660,'C._M0DCiyxdInoR3NWi',405),(661,'66I5P25sKOglppdt6',406),(662,'66I5P25sKOwMJXSl6',406),(663,'66I5P25sKujQ-VTv6',407),(664,'66I5P25sKxf1a39A6',407),(665,'C._M0DCiynuJlKGxTzi',407),(666,'C._M0DCiynuXQ8aXbBi',407),(667,'C._M0DCiynuJIG4_V8i',407),(668,'C._M0DCiynuXU0xAP5i',407),(669,'C._M0DCiynuXDHhM92i',408),(670,'C._M0DCiynuJV16X1-i',408);

/*Table structure for table `room_type` */

DROP TABLE IF EXISTS `room_type`;

CREATE TABLE `room_type` (
  `id` int(11) NOT NULL AUTO_INCREMENT,
  `name` varchar(200) COLLATE utf8_bin DEFAULT NULL,
  PRIMARY KEY (`id`)
) ENGINE=InnoDB DEFAULT CHARSET=utf8 COLLATE=utf8_bin;

/*Data for the table `room_type` */

/*Table structure for table `user` */

DROP TABLE IF EXISTS `user`;

CREATE TABLE `user` (
  `ID` int(11) NOT NULL AUTO_INCREMENT,
  `NAME` varchar(20) NOT NULL,
  `PASSWORD` varchar(255) NOT NULL,
  `SALT` varchar(255) DEFAULT NULL,
  `BIRTHDAY` datetime DEFAULT NULL,
  `GENDER` smallint(6) DEFAULT NULL,
  `EMAIL` varchar(255) DEFAULT NULL,
  `PHONE` varchar(20) DEFAULT NULL,
  `ICON` varchar(500) DEFAULT NULL,
  `CREATE_DATE` datetime DEFAULT NULL,
  `STATE` char(1) DEFAULT NULL,
  `DESCRIPTION` text,
  `LOGIN_COUNT` int(11) DEFAULT NULL,
  `PREVIOUS_VISIT` datetime DEFAULT NULL,
  `LAST_VISIT` datetime DEFAULT NULL,
  `DEL_FLAG` varchar(1) DEFAULT NULL,
  PRIMARY KEY (`ID`)
) ENGINE=InnoDB AUTO_INCREMENT=7 DEFAULT CHARSET=utf8;

/*Data for the table `user` */

insert  into `user`(`ID`,`NAME`,`PASSWORD`,`SALT`,`BIRTHDAY`,`GENDER`,`EMAIL`,`PHONE`,`ICON`,`CREATE_DATE`,`STATE`,`DESCRIPTION`,`LOGIN_COUNT`,`PREVIOUS_VISIT`,`LAST_VISIT`,`DEL_FLAG`) values (1,'admin','e10adc3949ba59abbe56e057f20f883e','3d06a5c14d010804','2014-03-16 22:44:39',1,'779205344@qq.com','123456789','aaa','2014-03-20 14:38:57','0',NULL,131,'2015-01-22 15:51:46','2015-01-22 16:49:13',NULL),(3,'tiany','1e8df4b59b3a3ab452ed1707ad3cb1a8e63a0630','bb2aa40007ad1238','2014-04-02 00:00:00',0,'','300','','2014-04-02 11:49:13','0',NULL,NULL,NULL,NULL,NULL),(5,'tyty11','dc6d230074477c8d736bfe0205260e9320565aa6','94886d7223c80850','2014-12-05 00:00:00',1,'','',NULL,'2014-12-05 11:55:03','1','ss',1,NULL,'2014-12-14 00:09:27',NULL),(6,'super','a8698009bce6d1b8c2128eddefc25aad','97efb48ee6adff63','2015-01-15 00:00:00',1,'779205344@qq.com','13721035120',NULL,'2015-01-15 15:55:37',NULL,'超级管理员',NULL,NULL,NULL,NULL);

/*Table structure for table `user_org` */

DROP TABLE IF EXISTS `user_org`;

CREATE TABLE `user_org` (
  `id` int(9) NOT NULL AUTO_INCREMENT,
  `user_id` int(9) NOT NULL,
  `org_id` int(9) NOT NULL,
  PRIMARY KEY (`id`)
) ENGINE=InnoDB AUTO_INCREMENT=9 DEFAULT CHARSET=utf8;

/*Data for the table `user_org` */

insert  into `user_org`(`id`,`user_id`,`org_id`) values (8,6,1);

/*Table structure for table `user_role` */

DROP TABLE IF EXISTS `user_role`;

CREATE TABLE `user_role` (
  `ID` int(11) NOT NULL AUTO_INCREMENT,
  `USER_ID` int(11) NOT NULL,
  `ROLE_ID` int(11) NOT NULL,
  PRIMARY KEY (`ID`),
  KEY `FK_USER_ROL_REFERENCE_ROLE` (`ROLE_ID`) USING BTREE,
  KEY `FK_USER_ROL_REFERENCE_USERS` (`USER_ID`) USING BTREE,
  CONSTRAINT `user_role_ibfk_1` FOREIGN KEY (`ROLE_ID`) REFERENCES `role` (`ID`),
  CONSTRAINT `user_role_ibfk_2` FOREIGN KEY (`USER_ID`) REFERENCES `user` (`ID`)
) ENGINE=InnoDB AUTO_INCREMENT=40 DEFAULT CHARSET=utf8;

/*Data for the table `user_role` */

insert  into `user_role`(`ID`,`USER_ID`,`ROLE_ID`) values (1,1,1),(19,3,5),(32,5,5),(39,6,13);

/*!40101 SET SQL_MODE=@OLD_SQL_MODE */;
/*!40014 SET FOREIGN_KEY_CHECKS=@OLD_FOREIGN_KEY_CHECKS */;
/*!40014 SET UNIQUE_CHECKS=@OLD_UNIQUE_CHECKS */;
/*!40111 SET SQL_NOTES=@OLD_SQL_NOTES */;
